order_item_id,order_id,product_id,quantity,unit_price,discount_pct
1,1,1,4,165.27,10
2,2,19,3,20.22,5
3,3,13,4,270.4,0
4,4,1,4,165.27,0
5,4,27,5,31.13,10
6,5,27,3,31.13,5
7,5,29,2,75.01,5
8,6,24,2,39.67,5
9,6,25,1,35.58,0
10,7,10,3,76.36,5
11,8,17,2,15.45,0
12,8,30,4,60.52,15
13,8,9,3,56.5,5
14,8,27,3,31.13,10
15,9,22,4,31.59,15
16,10,4,4,143.06,0
17,11,12,2,101.61,0
18,11,4,5,143.06,10
19,12,27,4,31.13,10
20,13,10,5,76.36,0
21,13,16,4,12.55,0
22,13,4,5,143.06,0
23,13,8,2,144.73,10
24,14,9,2,56.5,0
25,14,2,2,174.02,10
26,14,23,1,17.29,15
27,14,12,3,101.61,0
28,15,28,2,36.69,5
29,15,27,5,31.13,15
30,15,15,1,22.16,5
31,15,3,2,66.38,15
32,16,7,2,204.68,0
33,17,5,2,204.37,0
34,17,18,1,13.72,0
35,17,9,3,56.5,5
36,18,24,4,39.67,0
37,19,4,5,143.06,0
38,19,15,5,22.16,0
39,20,16,4,12.55,0
40,21,20,2,14.17,0
41,22,20,5,14.17,0
42,23,21,5,35.92,5
43,24,13,1,270.4,0
44,24,14,3,122.46,5
45,24,24,3,39.67,15
46,25,14,1,122.46,5
47,26,18,4,13.72,0
48,26,11,4,115.42,10
49,26,22,1,31.59,15
50,26,4,5,143.06,0
51,27,28,3,36.69,10
52,27,4,3,143.06,0
53,28,25,5,35.58,5
54,28,27,5,31.13,0
55,29,25,3,35.58,10
56,30,3,1,66.38,0
57,30,5,5,204.37,0
58,31,25,5,35.58,0
59,31,19,1,20.22,0
60,32,14,4,122.46,5
61,33,4,3,143.06,5
62,34,20,1,14.17,0
63,35,11,1,115.42,0
64,36,17,3,15.45,0
65,36,18,1,13.72,0
66,37,13,4,270.4,0
67,38,15,3,22.16,0
68,38,27,1,31.13,0
69,38,23,5,17.29,0
70,38,30,1,60.52,0
71,39,17,1,15.45,0
72,40,21,1,35.92,0
73,40,27,2,31.13,0
74,40,5,2,204.37,5
75,40,8,1,144.73,0
76,41,15,5,22.16,5
77,41,22,5,31.59,0
78,41,30,3,60.52,0
79,42,2,3,174.02,0
80,43,3,1,66.38,5
81,43,21,5,35.92,0
82,43,28,5,36.69,0
83,44,7,5,204.68,0
84,44,11,2,115.42,15
85,45,17,2,15.45,0
86,45,21,4,35.92,15
87,46,13,5,270.4,0
88,46,14,3,122.46,0
89,46,25,1,35.58,0
90,46,11,4,115.42,0
91,47,19,2,20.22,10
92,48,23,1,17.29,0
93,49,27,5,31.13,0
94,49,24,4,39.67,0
95,50,25,4,35.58,0
96,51,25,5,35.58,10
97,52,20,2,14.17,0
98,52,13,5,270.4,10
99,53,8,5,144.73,0
100,53,15,4,22.16,0
101,54,7,4,204.68,0
102,54,12,3,101.61,5
103,54,22,5,31.59,0
104,54,19,2,20.22,10
105,55,12,1,101.61,5
106,55,18,5,13.72,10
107,56,5,2,204.37,10
108,56,27,3,31.13,10
109,56,14,4,122.46,0
110,56,3,5,66.38,0
111,57,4,3,143.06,5
112,58,25,4,35.58,5
113,58,23,1,17.29,0
114,58,16,2,12.55,10
115,59,10,2,76.36,0
116,60,4,4,143.06,0
117,60,27,1,31.13,5
118,61,12,2,101.61,0
119,62,17,5,15.45,0
120,63,13,3,270.4,0
121,64,21,5,35.92,5
122,64,4,3,143.06,0
123,65,22,4,31.59,5
124,65,15,2,22.16,0
125,65,23,4,17.29,0
126,66,10,5,76.36,0
127,67,12,1,101.61,10
128,68,24,4,39.67,0
129,68,15,2,22.16,0
130,68,29,4,75.01,0
131,69,20,2,14.17,0
132,70,20,4,14.17,0
133,71,20,1,14.17,0
134,71,14,4,122.46,0
135,71,9,2,56.5,15
136,71,21,2,35.92,10
137,72,21,3,35.92,0
138,73,12,5,101.61,0
139,73,15,3,22.16,0
140,73,25,3,35.58,0
141,73,3,1,66.38,0
142,74,25,3,35.58,5
143,75,7,1,204.68,0
144,75,4,4,143.06,15
145,75,5,3,204.37,5
146,75,28,1,36.69,0
147,76,23,2,17.29,5
148,76,21,5,35.92,0
149,77,18,5,13.72,0
150,78,23,4,17.29,0
151,79,21,5,35.92,0
152,79,3,5,66.38,5
153,79,15,2,22.16,5
154,79,22,2,31.59,0
155,80,11,2,115.42,0
156,81,18,3,13.72,0
157,82,19,2,20.22,0
158,83,2,1,174.02,0
159,83,27,5,31.13,0
160,83,28,2,36.69,5
161,83,1,4,165.27,5
162,84,10,2,76.36,10
163,84,16,4,12.55,0
164,85,7,5,204.68,0
165,85,11,3,115.42,5
166,86,4,2,143.06,0
167,86,11,3,115.42,0
168,87,14,2,122.46,10
169,87,8,5,144.73,5
170,87,28,2,36.69,5
171,88,1,1,165.27,10
172,89,2,3,174.02,0
173,90,14,3,122.46,5
174,90,5,4,204.37,0
175,90,29,4,75.01,0
176,91,15,5,22.16,0
177,92,12,3,101.61,0
178,93,2,1,174.02,0
179,94,29,5,75.01,0
180,95,10,3,76.36,0
181,95,19,5,20.22,0
182,96,22,1,31.59,15
183,97,20,3,14.17,15
184,97,16,5,12.55,0
185,98,20,4,14.17,0
186,98,25,2,35.58,0
187,99,14,2,122.46,0
188,100,2,2,174.02,0
189,100,23,5,17.29,0
190,101,30,5,60.52,0
191,102,23,5,17.29,0
192,102,9,2,56.5,0
193,103,23,3,17.29,0
194,103,16,5,12.55,10
195,104,29,3,75.01,15
196,104,13,2,270.4,0
197,105,9,4,56.5,0
198,106,20,5,14.17,0
199,107,4,4,143.06,0
200,108,30,4,60.52,0
201,108,6,2,94.1,5
202,108,14,3,122.46,0
203,108,21,1,35.92,10
204,109,30,2,60.52,0
205,109,2,2,174.02,10
206,110,24,3,39.67,10
207,111,10,5,76.36,0
208,111,15,2,22.16,10
209,111,21,4,35.92,0
210,111,18,1,13.72,0
211,112,11,3,115.42,0
212,113,27,3,31.13,0
213,113,14,1,122.46,0
214,113,17,2,15.45,0
215,114,11,5,115.42,0
216,114,10,3,76.36,5
217,114,19,1,20.22,5
218,115,29,1,75.01,5
219,115,23,3,17.29,0
220,115,25,2,35.58,0
221,115,10,2,76.36,0
222,116,30,5,60.52,10
223,116,16,2,12.55,5
224,117,17,3,15.45,0
225,117,23,5,17.29,0
226,118,11,5,115.42,0
227,119,15,4,22.16,0
228,119,26,4,128.12,0
229,119,2,1,174.02,0
230,120,1,2,165.27,0
231,121,30,1,60.52,0
232,121,29,2,75.01,5
233,121,3,4,66.38,0
234,121,16,4,12.55,0
235,122,5,3,204.37,0
236,122,21,5,35.92,0
237,122,28,2,36.69,5
238,123,22,5,31.59,0
239,124,7,1,204.68,0
240,125,8,1,144.73,0
241,125,7,4,204.68,0
242,125,3,1,66.38,0
243,126,25,5,35.58,15
244,126,2,2,174.02,10
245,126,5,5,204.37,0
246,127,5,5,204.37,0
247,128,30,4,60.52,0
248,128,6,1,94.1,15
249,128,21,4,35.92,5
250,129,25,5,35.58,0
251,130,2,4,174.02,15
252,130,18,5,13.72,0
253,131,15,3,22.16,0
254,132,20,1,14.17,0
255,132,2,5,174.02,5
256,133,30,1,60.52,0
257,134,30,5,60.52,5
258,134,8,4,144.73,10
259,134,23,5,17.29,0
260,135,12,5,101.61,10
261,136,30,3,60.52,0
262,136,7,5,204.68,10
263,136,12,2,101.61,0
264,137,7,3,204.68,0
265,138,11,4,115.42,15
266,138,9,4,56.5,0
267,138,25,3,35.58,0
268,138,27,5,31.13,0
269,139,3,1,66.38,5
270,139,27,4,31.13,0
271,139,22,2,31.59,0
272,140,21,5,35.92,10
273,141,1,5,165.27,5
274,142,14,2,122.46,0
275,142,26,1,128.12,0
276,143,26,4,128.12,0
277,144,22,1,31.59,5
278,145,16,1,12.55,5
279,146,11,1,115.42,10
280,146,19,1,20.22,0
281,147,22,5,31.59,0
282,147,30,1,60.52,0
283,147,9,3,56.5,0
284,147,29,2,75.01,0
285,148,6,5,94.1,0
286,149,5,1,204.37,0
287,149,26,3,128.12,0
288,149,23,4,17.29,0
289,150,25,1,35.58,5
290,150,11,4,115.42,0
291,151,22,1,31.59,5
292,151,13,3,270.4,5
293,152,21,4,35.92,0
294,152,5,1,204.37,0
295,153,6,4,94.1,0
296,154,3,5,66.38,0
297,155,3,5,66.38,10
298,156,9,3,56.5,0
299,157,26,1,128.12,0
300,158,4,2,143.06,0
301,159,15,5,22.16,0
302,159,11,3,115.42,5
303,159,14,2,122.46,0
304,160,16,2,12.55,0
305,160,19,3,20.22,10
306,161,6,1,94.1,15
307,161,22,4,31.59,10
308,161,25,2,35.58,0
309,161,18,3,13.72,10
310,162,5,3,204.37,0
311,162,21,2,35.92,5
312,163,17,4,15.45,0
313,164,3,2,66.38,5
314,164,4,3,143.06,0
315,165,25,3,35.58,15
316,166,17,5,15.45,5
317,166,18,2,13.72,0
318,167,12,4,101.61,0
319,167,1,4,165.27,10
320,168,15,2,22.16,0
321,169,3,1,66.38,10
322,169,10,1,76.36,0
323,170,24,5,39.67,0
324,170,8,5,144.73,0
325,170,17,4,15.45,0
326,170,6,4,94.1,5
327,171,29,4,75.01,0
328,171,7,4,204.68,0
329,172,19,5,20.22,0
330,172,4,3,143.06,0
331,172,26,1,128.12,0
332,173,13,5,270.4,0
333,174,26,5,128.12,0
334,174,10,2,76.36,0
335,175,13,4,270.4,0
336,176,30,2,60.52,0
337,176,21,4,35.92,0
338,177,1,2,165.27,10
339,177,16,5,12.55,0
340,177,5,4,204.37,0
341,178,19,1,20.22,5
342,179,25,4,35.58,0
343,180,9,5,56.5,10
344,180,25,3,35.58,0
345,181,14,1,122.46,5
346,182,9,3,56.5,10
347,183,26,5,128.12,5
348,184,7,2,204.68,10
349,185,23,3,17.29,0
350,186,4,4,143.06,10
351,186,5,3,204.37,10
352,187,27,4,31.13,0
353,187,8,5,144.73,5
354,188,25,5,35.58,5
355,188,3,3,66.38,0
356,188,13,4,270.4,0
357,189,15,3,22.16,10
358,189,21,5,35.92,0
359,190,11,2,115.42,0
360,190,18,4,13.72,5
361,190,19,1,20.22,0
362,191,6,2,94.1,15
363,191,15,2,22.16,10
364,191,1,3,165.27,0
365,191,14,3,122.46,0
366,192,2,3,174.02,5
367,192,13,2,270.4,0
368,193,19,2,20.22,0
369,194,28,4,36.69,5
370,195,4,3,143.06,0
371,195,11,2,115.42,5
372,195,12,2,101.61,0
373,196,7,2,204.68,10
374,197,5,5,204.37,5
375,197,25,3,35.58,15
376,197,4,3,143.06,5
377,198,24,3,39.67,5
378,198,20,1,14.17,10
379,199,24,3,39.67,5
380,199,13,2,270.4,0
381,200,1,3,165.27,0
382,200,12,5,101.61,0
383,201,3,2,66.38,0
384,201,1,1,165.27,10
385,201,19,4,20.22,0
386,201,9,5,56.5,5
387,202,5,1,204.37,0
388,202,9,5,56.5,10
389,203,21,3,35.92,5
390,203,22,2,31.59,0
391,203,3,1,66.38,10
392,204,22,2,31.59,0
393,204,24,2,39.67,5
394,205,24,3,39.67,0
395,205,9,3,56.5,5
396,205,6,1,94.1,5
397,206,23,5,17.29,5
398,207,6,1,94.1,10
399,207,12,1,101.61,0
400,207,9,5,56.5,0
401,208,6,5,94.1,10
402,208,30,4,60.52,0
403,208,28,2,36.69,0
404,208,2,3,174.02,0
405,209,6,1,94.1,15
406,209,8,1,144.73,10
407,209,26,3,128.12,5
408,209,17,3,15.45,0
409,210,10,5,76.36,0
410,210,24,3,39.67,0
411,211,25,1,35.58,10
412,211,26,1,128.12,0
413,211,8,3,144.73,5
414,211,5,1,204.37,15
415,212,4,5,143.06,15
416,212,7,4,204.68,0
417,213,30,2,60.52,10
418,214,19,5,20.22,0
419,214,4,4,143.06,0
420,215,9,3,56.5,10
421,216,8,2,144.73,0
422,216,3,5,66.38,0
423,217,12,2,101.61,0
424,218,10,5,76.36,0
425,218,27,3,31.13,0
426,218,23,2,17.29,15
427,219,6,4,94.1,0
428,219,1,5,165.27,0
429,219,13,4,270.4,0
430,220,5,3,204.37,5
431,220,7,1,204.68,0
432,220,27,3,31.13,10
433,220,13,1,270.4,0
434,221,29,3,75.01,0
435,222,16,4,12.55,5
436,222,1,2,165.27,0
437,223,20,5,14.17,0
438,224,13,2,270.4,0
439,225,18,3,13.72,0
440,225,26,4,128.12,0
441,225,1,5,165.27,0
442,225,13,4,270.4,0
443,226,9,4,56.5,0
444,226,2,5,174.02,15
445,226,26,2,128.12,0
446,227,2,4,174.02,0
447,227,25,2,35.58,0
448,227,8,5,144.73,0
449,227,19,3,20.22,10
450,228,19,4,20.22,0
451,228,7,2,204.68,0
452,229,1,5,165.27,0
453,229,11,2,115.42,0
454,230,5,5,204.37,5
455,231,3,3,66.38,5
456,232,6,4,94.1,5
457,233,29,5,75.01,5
458,233,30,2,60.52,5
459,234,24,1,39.67,10
460,235,20,3,14.17,10
461,236,11,1,115.42,0
462,236,24,3,39.67,0
463,237,15,2,22.16,0
464,237,1,1,165.27,0
465,237,9,1,56.5,5
466,238,14,4,122.46,10
467,239,19,2,20.22,0
468,239,21,1,35.92,5
469,239,25,1,35.58,0
470,240,13,2,270.4,5
471,241,29,4,75.01,10
472,241,16,2,12.55,5
473,241,23,4,17.29,0
474,241,1,1,165.27,0
475,242,9,3,56.5,0
476,242,22,1,31.59,0
477,243,14,1,122.46,0
478,244,6,3,94.1,15
479,245,29,3,75.01,0
480,245,22,5,31.59,0
481,246,15,4,22.16,0
482,247,3,3,66.38,10
483,247,22,4,31.59,15
484,248,14,4,122.46,0
485,248,18,2,13.72,0
486,248,22,1,31.59,0
487,249,22,1,31.59,10
488,249,20,4,14.17,0
489,249,5,2,204.37,15
490,250,7,2,204.68,10
491,250,27,3,31.13,0
492,251,18,3,13.72,0
493,251,11,1,115.42,5
494,252,5,5,204.37,0
495,253,4,3,143.06,10
496,253,26,3,128.12,10
497,254,6,4,94.1,0
498,254,9,5,56.5,5
499,255,16,3,12.55,10
500,256,16,1,12.55,15
501,257,9,5,56.5,5
502,257,24,2,39.67,0
503,257,14,4,122.46,5
504,258,6,3,94.1,5
505,258,3,4,66.38,0
506,259,7,2,204.68,0
507,259,27,1,31.13,10
508,259,2,2,174.02,0
509,260,8,4,144.73,0
510,260,12,2,101.61,15
511,261,9,1,56.5,0
512,261,24,4,39.67,0
513,261,27,5,31.13,5
514,262,21,4,35.92,0
515,263,21,1,35.92,0
516,263,6,5,94.1,10
517,263,20,3,14.17,5
518,263,26,3,128.12,0
519,264,22,5,31.59,0
520,264,17,1,15.45,0
521,265,20,3,14.17,5
522,265,10,4,76.36,0
523,266,29,3,75.01,0
524,266,21,5,35.92,5
525,267,11,2,115.42,5
526,268,13,1,270.4,0
527,269,18,4,13.72,10
528,270,29,3,75.01,0
529,270,18,2,13.72,5
530,270,6,5,94.1,5
531,271,8,3,144.73,0
532,272,16,5,12.55,0
533,272,2,5,174.02,0
534,272,28,2,36.69,0
535,273,5,4,204.37,15
536,273,7,4,204.68,0
537,273,11,2,115.42,5
538,274,15,3,22.16,0
539,275,25,5,35.58,0
540,275,3,4,66.38,0
541,275,5,4,204.37,0
542,276,11,5,115.42,0
543,277,12,2,101.61,0
544,277,10,5,76.36,0
545,278,24,5,39.67,0
546,279,29,4,75.01,0
547,280,24,2,39.67,0
548,281,26,4,128.12,10
549,281,2,3,174.02,5
550,282,1,1,165.27,0
551,282,2,4,174.02,0
552,283,1,4,165.27,5
553,283,10,5,76.36,0
554,284,24,5,39.67,0
555,285,9,5,56.5,15
556,286,30,4,60.52,0
557,286,7,1,204.68,0
558,287,3,5,66.38,0
559,287,25,1,35.58,10
560,288,27,2,31.13,10
561,289,4,1,143.06,0
562,289,28,2,36.69,5
563,290,24,1,39.67,0
564,291,27,4,31.13,5
565,291,13,2,270.4,0
566,292,19,4,20.22,10
567,293,1,2,165.27,0
568,294,21,3,35.92,0
569,295,22,3,31.59,0
570,295,28,5,36.69,0
571,296,13,5,270.4,10
572,296,5,5,204.37,0
573,297,28,4,36.69,0
574,297,6,3,94.1,15
575,297,3,1,66.38,0
576,298,15,5,22.16,0
577,299,1,4,165.27,0
578,299,4,5,143.06,0
579,300,18,4,13.72,15
580,300,7,3,204.68,10
581,300,21,2,35.92,10
582,301,12,4,101.61,0
583,301,23,2,17.29,0
584,302,23,1,17.29,10
585,302,4,4,143.06,0
586,303,7,4,204.68,0
587,303,4,2,143.06,5
588,304,19,4,20.22,0
589,304,4,5,143.06,15
590,304,25,2,35.58,15
591,305,19,4,20.22,10
592,306,27,2,31.13,0
593,307,20,2,14.17,0
594,308,20,5,14.17,0
595,309,21,3,35.92,5
596,309,7,2,204.68,15
597,309,20,2,14.17,0
598,309,23,3,17.29,5
599,310,23,5,17.29,0
600,310,14,4,122.46,10
601,310,22,5,31.59,0
602,310,24,4,39.67,0
603,311,10,3,76.36,0
604,312,12,4,101.61,0
605,312,27,5,31.13,10
606,313,26,1,128.12,10
607,313,23,4,17.29,0
608,313,10,3,76.36,15
609,314,28,2,36.69,10
610,314,15,3,22.16,5
611,314,27,5,31.13,5
612,315,22,1,31.59,0
613,316,18,3,13.72,0
614,317,5,2,204.37,10
615,317,2,5,174.02,0
616,318,18,3,13.72,0
617,318,12,2,101.61,0
618,318,3,5,66.38,0
619,319,22,3,31.59,0
620,319,11,5,115.42,0
621,319,12,5,101.61,10
622,320,21,5,35.92,10
623,321,26,1,128.12,0
624,322,12,5,101.61,0
625,322,17,1,15.45,0
626,322,26,2,128.12,0
627,323,18,1,13.72,0
628,323,1,2,165.27,10
629,323,21,4,35.92,10
630,324,14,1,122.46,5
631,324,21,2,35.92,0
632,325,9,5,56.5,0
633,326,14,1,122.46,0
634,326,11,1,115.42,0
635,327,23,1,17.29,0
636,327,28,5,36.69,0
637,328,13,4,270.4,0
638,328,27,2,31.13,0
639,328,22,4,31.59,5
640,328,1,5,165.27,0
641,329,28,1,36.69,0
642,329,24,5,39.67,0
643,329,21,1,35.92,0
644,329,12,5,101.61,0
645,330,24,2,39.67,0
646,330,12,5,101.61,0
647,331,22,5,31.59,10
648,332,10,1,76.36,0
649,332,22,2,31.59,5
650,333,4,5,143.06,0
651,333,10,2,76.36,0
652,334,19,3,20.22,15
653,334,12,2,101.61,0
654,335,27,3,31.13,0
655,336,10,4,76.36,0
656,337,5,2,204.37,0
657,337,29,1,75.01,5
658,337,18,1,13.72,10
659,338,7,5,204.68,0
660,338,30,5,60.52,0
661,338,2,2,174.02,0
662,339,15,5,22.16,0
663,340,26,2,128.12,5
664,340,20,2,14.17,0
665,340,22,2,31.59,0
666,341,12,2,101.61,5
667,341,2,2,174.02,0
668,342,12,4,101.61,10
669,342,13,1,270.4,15
670,342,16,3,12.55,0
671,342,30,5,60.52,5
672,343,13,4,270.4,0
673,343,21,1,35.92,0
674,344,28,3,36.69,0
675,345,6,2,94.1,0
676,346,23,1,17.29,5
677,347,16,5,12.55,0
678,347,7,4,204.68,0
679,348,2,5,174.02,0
680,348,29,2,75.01,0
681,349,1,3,165.27,10
682,349,29,2,75.01,0
683,350,5,5,204.37,10
684,351,11,4,115.42,0
685,351,30,1,60.52,0
686,352,17,2,15.45,5
687,352,22,2,31.59,0
688,352,14,5,122.46,0
689,353,29,5,75.01,10
690,353,20,4,14.17,0
691,354,26,4,128.12,5
692,355,23,4,17.29,0
693,355,19,4,20.22,5
694,355,4,1,143.06,0
695,356,1,5,165.27,0
696,356,19,1,20.22,0
697,357,14,5,122.46,0
698,358,13,5,270.4,5
699,358,25,4,35.58,0
700,358,7,5,204.68,0
701,358,14,3,122.46,15
702,359,28,1,36.69,5
703,360,26,5,128.12,5
704,360,11,1,115.42,0
705,361,20,1,14.17,0
706,361,14,2,122.46,0
707,362,21,5,35.92,0
708,363,15,2,22.16,10
709,363,1,5,165.27,0
710,364,6,1,94.1,0
711,365,13,3,270.4,5
712,366,30,5,60.52,0
713,366,3,5,66.38,10
714,367,7,4,204.68,0
715,367,15,3,22.16,0
716,368,4,5,143.06,15
717,369,13,5,270.4,0
718,370,19,1,20.22,0
719,370,28,3,36.69,0
720,371,11,4,115.42,15
721,372,3,4,66.38,5
722,373,29,5,75.01,0
723,374,24,2,39.67,10
724,375,5,1,204.37,0
725,375,25,1,35.58,5
726,376,2,4,174.02,0
727,376,28,3,36.69,0
728,377,17,2,15.45,5
729,377,9,2,56.5,0
730,377,13,4,270.4,0
731,378,6,1,94.1,5
732,378,15,4,22.16,0
733,379,12,5,101.61,10
734,380,11,4,115.42,0
735,380,12,3,101.61,0
736,380,6,4,94.1,0
737,380,16,2,12.55,0
738,381,8,5,144.73,0
739,382,26,1,128.12,0
740,383,11,4,115.42,0
741,383,26,5,128.12,10
742,384,9,4,56.5,10
743,385,18,3,13.72,0
744,386,19,5,20.22,0
745,386,21,3,35.92,0
746,387,13,4,270.4,5
747,387,20,2,14.17,10
748,387,10,3,76.36,0
749,388,11,2,115.42,0
750,389,29,4,75.01,5
751,390,6,1,94.1,0
752,391,6,4,94.1,0
753,392,13,5,270.4,5
754,393,29,3,75.01,0
755,393,13,3,270.4,0
756,394,12,3,101.61,10
757,395,5,5,204.37,0
758,395,23,5,17.29,0
759,396,18,3,13.72,0
760,396,10,2,76.36,10
761,397,1,5,165.27,10
762,398,16,4,12.55,0
763,398,25,4,35.58,5
764,399,29,5,75.01,0
765,400,8,4,144.73,5
766,400,9,5,56.5,5
767,400,3,5,66.38,10
768,401,14,1,122.46,0
769,401,7,3,204.68,0
770,401,28,4,36.69,5
771,402,2,5,174.02,0
772,403,8,2,144.73,0
773,403,3,2,66.38,0
774,404,26,3,128.12,0
775,404,2,2,174.02,0
776,405,27,3,31.13,10
777,406,15,2,22.16,5
778,407,7,4,204.68,5
779,407,16,3,12.55,10
780,408,4,4,143.06,5
781,408,9,2,56.5,0
782,409,14,3,122.46,0
783,410,2,5,174.02,5
784,411,6,4,94.1,0
785,412,21,2,35.92,5
786,413,21,3,35.92,10
787,413,25,4,35.58,5
788,414,2,4,174.02,5
789,415,18,3,13.72,5
790,415,12,3,101.61,10
791,416,15,3,22.16,0
792,416,10,4,76.36,0
793,417,28,3,36.69,5
794,418,13,5,270.4,5
795,418,7,5,204.68,0
796,419,22,1,31.59,0
797,420,4,5,143.06,5
798,420,2,4,174.02,5
799,421,20,1,14.17,0
800,422,2,4,174.02,10
801,422,12,1,101.61,10
802,422,18,3,13.72,0
803,423,17,1,15.45,0
804,424,19,2,20.22,0
805,424,21,5,35.92,0
806,425,22,1,31.59,0
807,425,14,2,122.46,0
808,426,30,3,60.52,0
809,426,12,3,101.61,10
810,427,8,5,144.73,0
811,428,15,1,22.16,15
812,428,13,5,270.4,0
813,428,1,2,165.27,15
814,428,24,3,39.67,0
815,429,23,5,17.29,0
816,429,27,5,31.13,10
817,429,9,2,56.5,0
818,430,8,3,144.73,0
819,430,9,4,56.5,0
820,430,26,2,128.12,5
821,431,23,1,17.29,0
822,431,19,3,20.22,0
823,431,27,5,31.13,0
824,432,14,1,122.46,10
825,432,30,2,60.52,5
826,432,28,5,36.69,10
827,433,11,5,115.42,0
828,433,18,5,13.72,5
829,434,25,1,35.58,0
830,434,20,3,14.17,5
831,434,19,2,20.22,0
832,434,17,1,15.45,0
833,435,14,2,122.46,5
834,436,18,5,13.72,0
835,436,20,1,14.17,0
836,437,14,3,122.46,0
837,437,12,3,101.61,0
838,438,26,5,128.12,0
839,438,15,1,22.16,10
840,439,3,1,66.38,0
841,439,4,5,143.06,10
842,440,16,1,12.55,0
843,441,18,2,13.72,5
844,441,16,1,12.55,0
845,441,20,5,14.17,0
846,442,2,1,174.02,0
847,442,15,3,22.16,5
848,443,21,4,35.92,0
849,443,13,1,270.4,10
850,443,8,4,144.73,10
851,444,30,1,60.52,0
852,444,23,5,17.29,0
853,445,12,3,101.61,0
854,445,21,5,35.92,0
855,446,1,2,165.27,0
856,446,18,4,13.72,5
857,446,9,1,56.5,5
858,447,14,5,122.46,0
859,447,8,3,144.73,10
860,448,18,2,13.72,10
861,449,30,2,60.52,5
862,450,24,2,39.67,0
863,450,4,2,143.06,5
864,451,24,3,39.67,0
865,452,20,5,14.17,0
866,452,9,1,56.5,0
867,452,19,4,20.22,0
868,452,8,5,144.73,0
869,453,6,2,94.1,0
870,453,7,1,204.68,10
871,454,3,4,66.38,10
872,454,6,4,94.1,5
873,454,30,4,60.52,10
874,455,24,5,39.67,10
875,455,11,5,115.42,0
876,455,13,5,270.4,5
877,456,29,2,75.01,0
878,456,2,4,174.02,15
879,457,7,3,204.68,5
880,457,10,3,76.36,0
881,457,15,4,22.16,0
882,457,13,1,270.4,5
883,458,4,5,143.06,10
884,458,6,5,94.1,0
885,459,23,2,17.29,10
886,459,29,1,75.01,0
887,460,4,1,143.06,5
888,460,3,3,66.38,0
889,461,6,5,94.1,0
890,461,13,2,270.4,10
891,462,6,1,94.1,0
892,462,25,3,35.58,5
893,462,23,4,17.29,0
894,463,25,3,35.58,0
895,464,16,2,12.55,0
896,464,8,4,144.73,0
897,465,9,5,56.5,10
898,465,20,2,14.17,0
899,465,21,2,35.92,0
900,466,20,3,14.17,10
901,466,10,1,76.36,0
902,467,20,5,14.17,0
903,467,19,4,20.22,5
904,468,29,4,75.01,10
905,469,4,3,143.06,0
906,469,23,4,17.29,0
907,470,21,1,35.92,0
908,470,17,5,15.45,10
909,471,19,5,20.22,0
910,472,16,2,12.55,10
911,472,26,2,128.12,5
912,473,24,5,39.67,15
913,473,28,4,36.69,0
914,473,7,3,204.68,0
915,474,26,1,128.12,0
916,475,11,5,115.42,5
917,475,13,1,270.4,10
918,476,16,1,12.55,5
919,476,26,4,128.12,0
920,477,27,1,31.13,10
921,477,14,3,122.46,0
922,478,11,3,115.42,0
923,478,26,2,128.12,0
924,479,19,2,20.22,0
925,479,20,3,14.17,5
926,479,13,3,270.4,5
927,480,27,3,31.13,0
928,481,30,5,60.52,0
929,481,3,4,66.38,10
930,481,15,2,22.16,0
931,482,25,1,35.58,10
932,483,13,5,270.4,0
933,484,11,1,115.42,0
934,484,15,3,22.16,0
935,484,29,3,75.01,5
936,485,25,1,35.58,0
937,485,15,2,22.16,0
938,486,12,5,101.61,0
939,487,3,3,66.38,5
940,488,22,1,31.59,0
941,488,2,1,174.02,0
942,489,15,3,22.16,0
943,489,20,2,14.17,5
944,490,15,1,22.16,10
945,490,19,4,20.22,0
946,490,5,3,204.37,5
947,491,28,5,36.69,0
948,492,28,3,36.69,0
949,493,6,3,94.1,5
950,493,10,2,76.36,0
951,494,3,3,66.38,0
952,494,26,4,128.12,0
953,495,3,2,66.38,10
954,495,11,5,115.42,0
955,496,22,1,31.59,5
956,497,11,1,115.42,10
957,497,18,2,13.72,0
958,498,27,3,31.13,0
959,498,13,1,270.4,0
960,499,5,2,204.37,0
961,500,29,3,75.01,0
962,501,3,5,66.38,0
963,501,19,2,20.22,10
964,501,1,1,165.27,0
965,501,20,5,14.17,15
966,502,10,1,76.36,0
967,503,13,4,270.4,0
968,504,30,3,60.52,10
969,505,3,1,66.38,0
970,506,14,4,122.46,10
971,506,28,5,36.69,10
972,507,13,2,270.4,0
973,507,12,1,101.61,0
974,507,8,2,144.73,5
975,508,2,5,174.02,0
976,509,24,5,39.67,15
977,510,20,2,14.17,0
978,510,3,1,66.38,5
979,511,18,4,13.72,0
980,511,25,4,35.58,0
981,511,1,3,165.27,0
982,511,16,3,12.55,0
983,512,19,1,20.22,5
984,512,9,5,56.5,0
985,513,10,1,76.36,0
986,513,16,1,12.55,10
987,514,1,5,165.27,0
988,514,24,5,39.67,5
989,514,4,4,143.06,0
990,515,17,1,15.45,0
991,516,16,4,12.55,5
992,517,24,3,39.67,0
993,518,16,4,12.55,5
994,518,10,5,76.36,0
995,519,14,3,122.46,10
996,519,1,4,165.27,0
997,520,18,3,13.72,15
998,521,9,1,56.5,0
999,522,22,5,31.59,5
1000,523,1,1,165.27,10
1001,524,8,3,144.73,0
1002,525,29,2,75.01,15
1003,525,27,1,31.13,5
1004,526,29,5,75.01,10
1005,526,21,2,35.92,10
1006,527,21,4,35.92,5
1007,527,15,3,22.16,0
1008,527,30,1,60.52,0
1009,527,9,1,56.5,0
1010,528,15,1,22.16,0
1011,529,18,4,13.72,0
1012,530,3,1,66.38,0
1013,531,21,1,35.92,10
1014,532,19,4,20.22,0
1015,532,1,4,165.27,10
1016,532,17,1,15.45,0
1017,532,23,1,17.29,0
1018,533,12,3,101.61,0
1019,533,11,1,115.42,0
1020,534,7,2,204.68,0
1021,535,21,4,35.92,0
1022,535,23,4,17.29,5
1023,535,12,2,101.61,0
1024,536,26,5,128.12,5
1025,537,1,1,165.27,0
1026,537,2,2,174.02,10
1027,537,11,5,115.42,0
1028,537,26,5,128.12,0
1029,538,21,1,35.92,0
1030,539,21,1,35.92,10
1031,540,27,1,31.13,0
1032,541,11,4,115.42,0
1033,542,7,2,204.68,0
1034,542,25,1,35.58,0
1035,542,2,4,174.02,0
1036,542,19,3,20.22,0
1037,543,28,5,36.69,0
1038,544,30,1,60.52,5
1039,545,16,2,12.55,0
1040,545,23,3,17.29,0
1041,545,5,4,204.37,0
1042,546,20,3,14.17,0
1043,546,3,1,66.38,0
1044,547,28,5,36.69,0
1045,547,25,4,35.58,5
1046,548,22,4,31.59,0
1047,548,28,2,36.69,5
1048,548,30,1,60.52,0
1049,549,29,4,75.01,0
1050,549,25,1,35.58,10
1051,550,29,2,75.01,5
1052,551,11,1,115.42,0
1053,551,8,1,144.73,0
1054,552,19,4,20.22,0
1055,553,5,4,204.37,5
1056,554,23,5,17.29,0
1057,555,11,2,115.42,10
1058,556,6,5,94.1,10
1059,556,19,1,20.22,0
1060,557,9,4,56.5,5
1061,557,1,2,165.27,0
1062,557,24,4,39.67,0
1063,558,2,1,174.02,15
1064,559,26,1,128.12,0
1065,560,7,3,204.68,0
1066,560,5,1,204.37,0
1067,561,19,4,20.22,0
1068,561,1,2,165.27,10
1069,562,21,1,35.92,0
1070,562,1,3,165.27,0
1071,563,19,2,20.22,5
1072,563,26,1,128.12,5
1073,564,12,4,101.61,0
1074,564,29,5,75.01,0
1075,564,2,3,174.02,0
1076,564,4,5,143.06,5
1077,565,18,1,13.72,5
1078,566,25,2,35.58,0
1079,566,24,3,39.67,0
1080,567,17,1,15.45,0
1081,567,27,5,31.13,5
1082,568,23,1,17.29,0
1083,568,26,4,128.12,0
1084,568,29,4,75.01,10
1085,569,23,2,17.29,0
1086,570,22,5,31.59,10
1087,571,7,1,204.68,0
1088,572,11,3,115.42,0
1089,573,19,3,20.22,0
1090,573,5,3,204.37,0
1091,574,10,4,76.36,15
1092,575,6,2,94.1,0
1093,576,12,2,101.61,0
1094,577,15,5,22.16,15
1095,578,5,3,204.37,0
1096,578,15,5,22.16,15
1097,579,25,5,35.58,5
1098,580,16,1,12.55,0
1099,581,15,3,22.16,0
1100,581,12,2,101.61,0
1101,581,3,2,66.38,5
1102,582,22,4,31.59,0
1103,582,3,3,66.38,5
1104,582,17,5,15.45,10
1105,583,13,3,270.4,0
1106,584,24,4,39.67,5
1107,585,29,4,75.01,0
1108,585,14,5,122.46,0
1109,586,11,5,115.42,5
1110,586,3,1,66.38,0
1111,587,19,2,20.22,0
1112,587,25,4,35.58,0
1113,588,16,4,12.55,0
1114,588,18,1,13.72,0
1115,589,22,3,31.59,0
1116,590,9,4,56.5,15
1117,591,28,4,36.69,15
1118,591,9,1,56.5,0
1119,592,5,4,204.37,10
1120,592,11,2,115.42,0
1121,593,2,1,174.02,0
1122,593,10,2,76.36,5
1123,593,17,5,15.45,5
1124,593,21,5,35.92,0
1125,594,23,3,17.29,0
1126,595,12,4,101.61,0
1127,595,25,2,35.58,0
1128,596,20,5,14.17,10
1129,596,23,5,17.29,5
1130,596,27,1,31.13,0
1131,597,10,3,76.36,0
1132,597,23,4,17.29,10
1133,598,24,1,39.67,0
1134,599,3,4,66.38,5
1135,600,7,1,204.68,0
1136,601,2,1,174.02,5
1137,601,3,1,66.38,10
1138,601,10,2,76.36,0
1139,601,22,2,31.59,0
1140,602,19,5,20.22,5
1141,602,12,5,101.61,0
1142,602,6,5,94.1,0
1143,602,28,5,36.69,5
1144,603,25,5,35.58,0
1145,604,16,5,12.55,0
1146,604,12,1,101.61,0
1147,604,23,3,17.29,15
1148,605,11,1,115.42,0
1149,605,4,4,143.06,5
1150,605,15,3,22.16,0
1151,606,20,3,14.17,5
1152,607,7,4,204.68,10
1153,607,28,3,36.69,0
1154,607,3,4,66.38,5
1155,608,13,4,270.4,5
1156,609,11,4,115.42,0
1157,609,7,4,204.68,5
1158,609,20,3,14.17,5
1159,609,28,5,36.69,0
1160,610,22,5,31.59,15
1161,611,9,4,56.5,0
1162,612,3,4,66.38,5
1163,613,20,1,14.17,5
1164,614,10,4,76.36,0
1165,614,22,3,31.59,0
1166,615,30,1,60.52,0
1167,616,18,3,13.72,10
1168,617,25,1,35.58,0
1169,618,18,2,13.72,0
1170,618,28,4,36.69,0
1171,619,10,1,76.36,0
1172,619,11,2,115.42,10
1173,619,2,3,174.02,10
1174,620,12,3,101.61,0
1175,621,3,1,66.38,10
1176,622,22,4,31.59,0
1177,623,11,4,115.42,0
1178,624,7,4,204.68,0
1179,624,11,3,115.42,0
1180,625,26,5,128.12,0
1181,625,3,3,66.38,0
1182,626,23,5,17.29,0
1183,626,28,1,36.69,0
1184,626,19,5,20.22,0
1185,626,4,2,143.06,0
1186,627,22,5,31.59,0
1187,628,18,1,13.72,5
1188,628,6,5,94.1,10
1189,629,15,5,22.16,10
1190,629,9,4,56.5,10
1191,630,8,3,144.73,10
1192,630,5,4,204.37,0
1193,631,21,5,35.92,0
1194,631,6,2,94.1,0
1195,631,9,2,56.5,0
1196,632,29,1,75.01,0
1197,633,18,2,13.72,5
1198,634,29,1,75.01,0
1199,635,29,4,75.01,10
1200,635,3,2,66.38,0
1201,636,25,3,35.58,0
1202,636,30,1,60.52,0
1203,636,17,1,15.45,5
1204,637,24,4,39.67,0
1205,637,8,1,144.73,0
1206,637,30,3,60.52,0
1207,638,4,3,143.06,0
1208,639,12,3,101.61,0
1209,639,16,5,12.55,0
1210,639,23,1,17.29,5
1211,639,27,2,31.13,0
1212,640,4,2,143.06,10
1213,640,18,4,13.72,0
1214,640,28,4,36.69,10
1215,641,28,2,36.69,10
1216,642,2,3,174.02,10
1217,643,11,1,115.42,10
1218,643,23,3,17.29,0
1219,643,14,3,122.46,0
1220,643,29,5,75.01,5
1221,644,21,2,35.92,0
1222,644,15,2,22.16,5
1223,645,25,2,35.58,10
1224,645,27,4,31.13,5
1225,646,22,5,31.59,10
1226,647,13,5,270.4,0
1227,648,3,4,66.38,0
1228,649,9,2,56.5,0
1229,650,14,4,122.46,10
1230,650,25,4,35.58,0
1231,651,24,4,39.67,0
1232,652,24,4,39.67,0
1233,652,22,2,31.59,0
1234,652,7,3,204.68,0
1235,653,3,4,66.38,0
1236,653,1,3,165.27,15
1237,654,20,3,14.17,0
1238,655,12,5,101.61,5
1239,655,20,1,14.17,0
1240,656,5,5,204.37,0
1241,656,29,2,75.01,0
1242,657,11,5,115.42,0
1243,658,27,3,31.13,10
1244,658,9,3,56.5,10
1245,659,14,2,122.46,0
1246,659,29,4,75.01,5
1247,660,7,2,204.68,0
1248,661,4,4,143.06,0
1249,661,29,3,75.01,15
1250,662,5,3,204.37,0
1251,662,4,3,143.06,0
1252,663,19,5,20.22,5
1253,663,7,2,204.68,0
1254,663,1,1,165.27,0
1255,664,22,4,31.59,0
1256,664,4,1,143.06,10
1257,665,15,3,22.16,0
1258,665,21,1,35.92,0
1259,666,24,5,39.67,0
1260,666,30,1,60.52,10
1261,667,20,1,14.17,0
1262,667,13,2,270.4,0
1263,668,13,4,270.4,0
1264,669,14,3,122.46,10
1265,669,24,5,39.67,0
1266,670,29,4,75.01,0
1267,670,13,5,270.4,0
1268,671,14,1,122.46,0
1269,672,5,4,204.37,0
1270,672,30,5,60.52,0
1271,673,5,3,204.37,10
1272,674,2,5,174.02,0
1273,675,9,3,56.5,0
1274,675,12,5,101.61,0
1275,676,2,3,174.02,0
1276,676,3,4,66.38,5
1277,676,14,4,122.46,5
1278,677,3,5,66.38,0
1279,678,1,2,165.27,5
1280,679,24,3,39.67,5
1281,679,16,5,12.55,0
1282,680,5,2,204.37,0
1283,681,7,2,204.68,5
1284,681,16,4,12.55,10
1285,681,21,5,35.92,0
1286,682,6,2,94.1,5
1287,683,8,2,144.73,0
1288,684,14,5,122.46,0
1289,684,28,5,36.69,15
1290,684,16,1,12.55,0
1291,685,27,4,31.13,0
1292,685,28,1,36.69,0
1293,686,14,1,122.46,0
1294,686,29,3,75.01,0
1295,686,16,4,12.55,0
1296,687,8,5,144.73,10
1297,688,5,3,204.37,5
1298,688,29,4,75.01,15
1299,689,28,2,36.69,0
1300,689,6,1,94.1,5
1301,689,20,2,14.17,0
1302,690,16,5,12.55,0
1303,690,10,1,76.36,0
1304,690,8,3,144.73,0
1305,690,7,2,204.68,0
1306,691,8,1,144.73,0
1307,692,25,3,35.58,10
1308,692,29,5,75.01,5
1309,692,18,1,13.72,5
1310,693,26,5,128.12,0
1311,693,20,1,14.17,0
1312,693,28,1,36.69,10
1313,693,4,3,143.06,0
1314,694,4,3,143.06,0
1315,694,5,2,204.37,0
1316,695,27,4,31.13,0
1317,696,12,2,101.61,0
1318,696,21,5,35.92,0
1319,696,22,2,31.59,0
1320,697,17,1,15.45,0
1321,697,26,1,128.12,5
1322,697,22,5,31.59,10
1323,697,12,1,101.61,0
1324,698,2,2,174.02,10
1325,699,10,5,76.36,10
1326,699,14,3,122.46,10
1327,699,13,1,270.4,10
1328,700,7,5,204.68,5
1329,701,21,2,35.92,10
1330,701,13,1,270.4,0
1331,701,25,3,35.58,0
1332,702,7,5,204.68,0
1333,702,3,5,66.38,0
1334,703,9,3,56.5,5
1335,703,8,5,144.73,0
1336,704,2,1,174.02,0
1337,705,24,5,39.67,0
1338,706,10,5,76.36,5
1339,707,19,2,20.22,10
1340,708,3,2,66.38,0
1341,708,2,4,174.02,0
1342,708,14,5,122.46,0
1343,709,21,4,35.92,5
1344,709,14,4,122.46,5
1345,710,15,5,22.16,10
1346,710,5,1,204.37,5
1347,711,30,5,60.52,10
1348,711,4,1,143.06,0
1349,712,12,3,101.61,0
1350,713,30,3,60.52,10
1351,714,12,1,101.61,10
1352,715,26,5,128.12,0
1353,715,13,2,270.4,0
1354,715,16,4,12.55,5
1355,715,27,4,31.13,0
1356,716,13,4,270.4,0
1357,716,8,1,144.73,15
1358,717,1,5,165.27,5
1359,718,3,5,66.38,0
1360,718,7,1,204.68,15
1361,719,22,5,31.59,0
1362,720,29,4,75.01,0
1363,720,19,5,20.22,5
1364,721,14,2,122.46,0
1365,722,18,2,13.72,0
1366,722,6,1,94.1,0
1367,722,10,4,76.36,5
1368,722,5,1,204.37,5
1369,723,11,2,115.42,0
1370,724,8,5,144.73,0
1371,725,2,3,174.02,0
1372,726,29,1,75.01,0
1373,727,5,5,204.37,0
1374,727,10,1,76.36,10
1375,728,26,5,128.12,0
1376,728,8,1,144.73,10
1377,728,18,5,13.72,0
1378,728,14,2,122.46,0
1379,729,12,2,101.61,0
1380,730,10,4,76.36,5
1381,730,3,2,66.38,5
1382,731,11,3,115.42,15
1383,731,29,4,75.01,0
1384,731,22,3,31.59,0
1385,731,21,4,35.92,15
1386,732,20,1,14.17,5
1387,732,16,4,12.55,0
1388,732,1,4,165.27,5
1389,732,29,5,75.01,0
1390,733,22,3,31.59,15
1391,733,15,4,22.16,10
1392,733,4,3,143.06,0
1393,734,7,4,204.68,0
1394,735,7,5,204.68,5
1395,735,3,2,66.38,0
1396,736,23,2,17.29,15
1397,736,20,4,14.17,0
1398,736,7,3,204.68,0
1399,736,1,4,165.27,0
1400,737,6,5,94.1,0
1401,737,3,1,66.38,0
1402,738,28,1,36.69,15
1403,739,15,4,22.16,5
1404,739,1,1,165.27,10
1405,740,15,3,22.16,0
1406,740,16,1,12.55,10
1407,741,13,2,270.4,0
1408,742,3,2,66.38,0
1409,742,30,3,60.52,0
1410,743,19,3,20.22,10
1411,743,26,2,128.12,0
1412,743,21,2,35.92,15
1413,744,25,4,35.58,0
1414,744,20,1,14.17,15
1415,744,15,1,22.16,0
1416,744,4,1,143.06,5
1417,745,14,1,122.46,5
1418,745,3,5,66.38,0
1419,746,20,5,14.17,0
1420,747,11,1,115.42,0
1421,747,21,3,35.92,0
1422,748,27,5,31.13,0
1423,748,7,5,204.68,0
1424,749,26,1,128.12,0
1425,750,10,5,76.36,5
1426,750,19,2,20.22,0
1427,750,29,5,75.01,0
1428,751,2,5,174.02,10
1429,751,8,5,144.73,10
1430,752,3,3,66.38,0
1431,753,19,5,20.22,15
1432,754,26,1,128.12,0
1433,754,30,1,60.52,5
1434,755,25,3,35.58,10
1435,755,27,4,31.13,0
1436,756,1,5,165.27,0
1437,757,2,2,174.02,0
1438,757,1,2,165.27,10
1439,757,7,2,204.68,0
1440,758,30,2,60.52,0
1441,758,4,1,143.06,0
1442,758,1,2,165.27,0
1443,759,26,1,128.12,0
1444,759,20,2,14.17,5
1445,759,29,2,75.01,0
1446,759,14,3,122.46,0
1447,760,19,5,20.22,0
1448,760,7,2,204.68,0
1449,760,28,1,36.69,5
1450,761,16,1,12.55,5
1451,761,7,5,204.68,0
1452,762,17,4,15.45,0
1453,763,16,5,12.55,5
1454,763,9,2,56.5,0
1455,763,19,2,20.22,0
1456,763,13,2,270.4,0
1457,764,12,2,101.61,5
1458,764,9,3,56.5,0
1459,764,18,3,13.72,0
1460,764,3,1,66.38,0
1461,765,26,4,128.12,0
1462,766,12,1,101.61,0
1463,766,29,5,75.01,0
1464,767,3,3,66.38,0
1465,768,27,3,31.13,0
1466,769,30,1,60.52,5
1467,769,9,3,56.5,10
1468,770,16,5,12.55,15
1469,770,21,2,35.92,10
1470,771,19,5,20.22,5
1471,772,7,4,204.68,5
1472,773,12,5,101.61,10
1473,773,5,3,204.37,10
1474,774,14,4,122.46,5
1475,775,1,5,165.27,5
1476,776,30,4,60.52,15
1477,776,20,2,14.17,10
1478,776,19,1,20.22,0
1479,777,29,1,75.01,0
1480,777,10,5,76.36,0
1481,778,13,3,270.4,0
1482,779,1,2,165.27,0
1483,780,24,1,39.67,0
1484,781,22,5,31.59,0
1485,781,16,3,12.55,0
1486,781,6,5,94.1,5
1487,782,27,4,31.13,5
1488,783,19,1,20.22,0
1489,783,2,4,174.02,0
1490,784,6,2,94.1,10
1491,784,14,4,122.46,0
1492,784,8,2,144.73,5
1493,785,9,5,56.5,0
1494,785,29,1,75.01,5
1495,785,21,2,35.92,10
1496,786,25,1,35.58,0
1497,787,2,4,174.02,0
1498,788,13,2,270.4,0
1499,789,24,4,39.67,0
1500,790,5,2,204.37,0
1501,790,16,1,12.55,5
1502,790,27,2,31.13,0
1503,790,9,5,56.5,5
1504,791,15,3,22.16,0
1505,792,2,5,174.02,5
1506,793,2,5,174.02,0
1507,794,8,2,144.73,0
1508,795,22,1,31.59,0
1509,796,2,5,174.02,0
1510,796,14,3,122.46,0
1511,797,14,1,122.46,0
1512,798,1,2,165.27,0
1513,798,13,1,270.4,5
1514,799,14,5,122.46,0
1515,799,10,1,76.36,5
1516,799,25,5,35.58,0
1517,800,25,2,35.58,0
1518,800,23,3,17.29,15
1519,801,15,2,22.16,0
1520,801,13,1,270.4,0
1521,801,17,5,15.45,5
1522,801,21,1,35.92,0
1523,802,12,4,101.61,0
1524,803,20,3,14.17,0
1525,803,15,3,22.16,5
1526,803,24,1,39.67,0
1527,803,29,4,75.01,5
1528,804,8,2,144.73,0
1529,805,20,4,14.17,0
1530,805,28,2,36.69,0
1531,806,21,2,35.92,10
1532,807,7,1,204.68,0
1533,807,8,4,144.73,0
1534,807,17,2,15.45,0
1535,808,21,2,35.92,0
1536,809,15,4,22.16,0
1537,810,1,4,165.27,10
1538,810,25,3,35.58,0
1539,810,13,2,270.4,0
1540,811,18,5,13.72,0
1541,812,1,3,165.27,0
1542,812,28,4,36.69,10
1543,812,17,3,15.45,0
1544,812,24,3,39.67,5
1545,813,30,5,60.52,0
1546,814,12,4,101.61,5
1547,814,17,3,15.45,5
1548,814,23,4,17.29,10
1549,815,21,1,35.92,5
1550,815,23,2,17.29,0
1551,815,22,4,31.59,10
1552,816,6,1,94.1,5
1553,816,1,4,165.27,0
1554,817,14,2,122.46,10
1555,818,13,3,270.4,5
1556,818,19,1,20.22,0
1557,819,7,4,204.68,5
1558,820,25,4,35.58,0
1559,821,23,2,17.29,0
1560,822,6,2,94.1,10
1561,822,7,2,204.68,0
1562,822,2,4,174.02,0
1563,823,13,1,270.4,0
1564,824,4,1,143.06,0
1565,824,1,1,165.27,5
1566,825,17,3,15.45,10
1567,826,29,3,75.01,15
1568,827,12,3,101.61,10
1569,827,28,1,36.69,0
1570,828,20,1,14.17,10
1571,829,20,4,14.17,0
1572,830,1,1,165.27,15
1573,830,21,3,35.92,5
1574,830,12,2,101.61,5
1575,831,30,4,60.52,15
1576,832,23,5,17.29,10
1577,832,5,5,204.37,0
1578,833,28,4,36.69,15
1579,833,15,4,22.16,5
1580,833,6,2,94.1,0
1581,833,29,2,75.01,5
1582,834,6,3,94.1,10
1583,834,30,3,60.52,0
1584,835,18,4,13.72,0
1585,836,20,3,14.17,0
1586,836,3,4,66.38,5
1587,836,21,5,35.92,15
1588,837,4,1,143.06,0
1589,838,5,3,204.37,15
1590,838,28,5,36.69,5
1591,839,14,3,122.46,5
1592,840,8,4,144.73,0
1593,840,4,4,143.06,0
1594,841,10,2,76.36,5
1595,842,4,5,143.06,0
1596,842,9,2,56.5,0
1597,842,28,4,36.69,0
1598,842,23,3,17.29,0
1599,843,24,1,39.67,10
1600,844,27,2,31.13,15
1601,845,25,3,35.58,0
1602,845,13,2,270.4,5
1603,845,3,5,66.38,0
1604,845,17,2,15.45,0
1605,846,15,2,22.16,0
1606,846,21,4,35.92,5
1607,847,24,1,39.67,0
1608,847,21,5,35.92,0
1609,848,2,1,174.02,0
1610,849,11,4,115.42,15
1611,849,19,4,20.22,0
1612,850,6,4,94.1,5
1613,850,21,1,35.92,5
1614,851,4,1,143.06,0
1615,852,19,3,20.22,5
1616,852,16,1,12.55,5
1617,853,5,1,204.37,0
1618,854,23,1,17.29,0
1619,855,19,1,20.22,5
1620,855,18,2,13.72,15
1621,856,15,3,22.16,0
1622,857,28,1,36.69,0
1623,857,25,1,35.58,0
1624,858,1,5,165.27,10
1625,858,8,3,144.73,5
1626,858,10,4,76.36,0
1627,858,2,4,174.02,5
1628,859,23,1,17.29,0
1629,859,4,2,143.06,0
1630,860,9,5,56.5,0
1631,860,5,5,204.37,0
1632,861,9,4,56.5,10
1633,862,21,2,35.92,5
1634,863,27,2,31.13,0
1635,864,18,1,13.72,5
1636,865,25,2,35.58,0
1637,865,9,1,56.5,0
1638,865,5,2,204.37,0
1639,865,28,1,36.69,5
1640,866,26,1,128.12,0
1641,866,16,5,12.55,10
1642,867,25,4,35.58,0
1643,868,28,4,36.69,0
1644,868,13,3,270.4,0
1645,869,24,3,39.67,0
1646,870,20,4,14.17,5
1647,871,9,5,56.5,10
1648,871,14,2,122.46,0
1649,872,21,2,35.92,10
1650,872,3,2,66.38,0
1651,872,24,1,39.67,5
1652,873,14,2,122.46,0
1653,873,22,5,31.59,5
1654,873,17,5,15.45,5
1655,873,30,4,60.52,0
1656,874,18,3,13.72,0
1657,875,22,2,31.59,5
1658,875,20,5,14.17,10
1659,875,2,2,174.02,0
1660,875,15,2,22.16,0
1661,876,11,5,115.42,10
1662,876,30,1,60.52,0
1663,876,22,4,31.59,0
1664,876,8,2,144.73,0
1665,877,21,1,35.92,10
1666,877,17,5,15.45,10
1667,877,27,1,31.13,0
1668,877,29,5,75.01,0
1669,878,13,1,270.4,0
1670,878,12,4,101.61,0
1671,879,1,3,165.27,0
1672,879,5,4,204.37,0
1673,879,25,3,35.58,0
1674,879,22,2,31.59,0
1675,880,5,3,204.37,5
1676,881,10,1,76.36,0
1677,882,16,3,12.55,0
1678,883,25,4,35.58,0
1679,884,26,5,128.12,0
1680,884,1,2,165.27,0
1681,884,5,3,204.37,0
1682,884,12,5,101.61,5
1683,885,8,5,144.73,0
1684,885,20,3,14.17,5
1685,885,5,3,204.37,15
1686,886,26,5,128.12,5
1687,886,4,2,143.06,15
1688,887,2,3,174.02,15
1689,888,13,3,270.4,5
1690,888,14,2,122.46,0
1691,888,17,4,15.45,0
1692,889,9,3,56.5,5
1693,890,22,3,31.59,0
1694,891,16,3,12.55,0
1695,892,5,3,204.37,5
1696,892,11,5,115.42,0
1697,892,12,3,101.61,0
1698,893,21,5,35.92,0
1699,894,15,1,22.16,0
1700,895,7,1,204.68,0
1701,895,18,4,13.72,0
1702,895,24,3,39.67,10
1703,895,5,5,204.37,15
1704,896,16,4,12.55,0
1705,897,5,1,204.37,15
1706,897,10,1,76.36,5
1707,898,28,1,36.69,0
1708,898,17,5,15.45,0
1709,899,6,5,94.1,0
1710,900,24,3,39.67,0
1711,900,17,2,15.45,0
1712,901,10,2,76.36,10
1713,901,2,3,174.02,10
1714,902,27,2,31.13,0
1715,903,3,5,66.38,0
1716,904,21,2,35.92,5
1717,904,27,3,31.13,0
1718,904,1,1,165.27,0
1719,904,12,5,101.61,0
1720,905,20,2,14.17,10
1721,905,18,2,13.72,0
1722,906,15,2,22.16,5
1723,907,6,2,94.1,0
1724,908,6,2,94.1,10
1725,909,15,4,22.16,0
1726,910,13,1,270.4,10
1727,910,1,1,165.27,0
1728,911,26,1,128.12,0
1729,911,1,3,165.27,10
1730,912,27,3,31.13,0
1731,912,6,2,94.1,0
1732,912,10,3,76.36,5
1733,913,17,4,15.45,0
1734,914,10,2,76.36,10
1735,915,6,1,94.1,0
1736,916,30,1,60.52,10
1737,917,22,2,31.59,10
1738,917,14,3,122.46,5
1739,918,12,3,101.61,10
1740,918,30,1,60.52,5
1741,919,24,4,39.67,10
1742,920,5,2,204.37,5
1743,921,20,2,14.17,10
1744,921,26,2,128.12,0
1745,921,21,5,35.92,0
1746,921,11,5,115.42,0
1747,922,17,2,15.45,5
1748,922,19,2,20.22,0
1749,923,5,1,204.37,0
1750,923,30,3,60.52,0
1751,924,18,2,13.72,0
1752,924,30,2,60.52,0
1753,924,14,2,122.46,0
1754,925,14,1,122.46,5
1755,925,12,5,101.61,0
1756,926,8,1,144.73,0
1757,927,17,3,15.45,0
1758,928,4,2,143.06,0
1759,929,13,4,270.4,5
1760,930,10,2,76.36,0
1761,930,23,2,17.29,0
1762,931,2,2,174.02,0
1763,932,15,4,22.16,10
1764,932,16,2,12.55,0
1765,932,11,3,115.42,5
1766,933,28,1,36.69,0
1767,933,11,2,115.42,0
1768,934,18,2,13.72,5
1769,935,19,4,20.22,0
1770,935,26,3,128.12,0
1771,936,17,4,15.45,5
1772,936,7,2,204.68,5
1773,936,11,1,115.42,0
1774,936,25,5,35.58,0
1775,937,28,3,36.69,0
1776,937,2,4,174.02,0
1777,938,22,2,31.59,5
1778,939,21,3,35.92,0
1779,939,17,2,15.45,0
1780,940,22,2,31.59,0
1781,940,13,5,270.4,5
1782,941,25,3,35.58,0
1783,942,6,3,94.1,0
1784,942,3,1,66.38,0
1785,942,9,4,56.5,0
1786,942,19,4,20.22,15
1787,943,19,3,20.22,0
1788,943,16,5,12.55,10
1789,943,2,2,174.02,0
1790,943,12,5,101.61,10
1791,944,29,1,75.01,5
1792,944,22,1,31.59,5
1793,945,10,5,76.36,0
1794,945,13,1,270.4,0
1795,945,6,4,94.1,5
1796,946,4,1,143.06,10
1797,946,3,4,66.38,5
1798,946,6,2,94.1,0
1799,947,16,3,12.55,0
1800,947,4,5,143.06,0
1801,948,20,4,14.17,0
1802,949,1,4,165.27,0
1803,950,10,4,76.36,10
1804,951,29,4,75.01,0
1805,952,16,5,12.55,5
1806,953,13,1,270.4,0
1807,953,27,5,31.13,0
1808,954,27,3,31.13,0
1809,954,24,4,39.67,10
1810,955,9,1,56.5,15
1811,955,17,2,15.45,5
1812,956,7,5,204.68,5
1813,956,14,5,122.46,0
1814,957,1,3,165.27,0
1815,957,12,3,101.61,0
1816,958,12,3,101.61,10
1817,959,15,5,22.16,0
1818,959,14,5,122.46,0
1819,959,12,3,101.61,10
1820,959,6,4,94.1,5
1821,960,27,1,31.13,0
1822,961,20,5,14.17,0
1823,961,30,4,60.52,0
1824,962,15,5,22.16,0
1825,963,15,4,22.16,0
1826,963,14,3,122.46,5
1827,963,30,5,60.52,0
1828,964,22,4,31.59,0
1829,964,8,1,144.73,0
1830,964,1,3,165.27,10
1831,964,29,5,75.01,10
1832,965,8,5,144.73,5
1833,965,18,1,13.72,10
1834,965,13,5,270.4,0
1835,965,7,4,204.68,15
1836,966,4,2,143.06,0
1837,967,9,5,56.5,0
1838,967,27,3,31.13,0
1839,968,1,5,165.27,10
1840,968,20,1,14.17,0
1841,969,25,2,35.58,0
1842,969,12,2,101.61,0
1843,970,25,1,35.58,0
1844,970,9,2,56.5,5
1845,970,22,5,31.59,10
1846,971,9,2,56.5,0
1847,972,26,1,128.12,0
1848,973,29,3,75.01,5
1849,974,22,1,31.59,0
1850,974,19,3,20.22,15
1851,974,21,4,35.92,15
1852,974,20,5,14.17,0
1853,975,1,5,165.27,0
1854,976,7,1,204.68,0
1855,977,16,2,12.55,15
1856,978,16,5,12.55,10
1857,978,14,2,122.46,0
1858,979,19,5,20.22,0
1859,980,20,3,14.17,10
1860,981,12,1,101.61,0
1861,981,29,1,75.01,15
1862,982,17,1,15.45,0
1863,982,12,3,101.61,0
1864,982,13,2,270.4,0
1865,983,4,1,143.06,5
1866,983,1,2,165.27,0
1867,983,11,3,115.42,10
1868,984,4,3,143.06,5
1869,984,18,1,13.72,0
1870,985,7,4,204.68,0
1871,985,2,3,174.02,0
1872,985,26,1,128.12,0
1873,986,1,5,165.27,15
1874,987,18,5,13.72,0
1875,988,24,3,39.67,5
1876,988,10,4,76.36,0
1877,988,9,3,56.5,0
1878,989,21,1,35.92,10
1879,989,30,5,60.52,0
1880,990,28,2,36.69,0
1881,990,23,2,17.29,5
1882,990,24,3,39.67,10
1883,990,14,5,122.46,15
1884,991,2,3,174.02,0
1885,992,6,2,94.1,0
1886,993,28,4,36.69,5
1887,993,29,1,75.01,0
1888,994,25,4,35.58,0
1889,995,28,2,36.69,5
1890,995,8,1,144.73,15
1891,996,7,3,204.68,0
1892,996,16,5,12.55,5
1893,996,4,5,143.06,10
1894,997,17,1,15.45,10
1895,998,17,4,15.45,0
1896,998,7,3,204.68,0
1897,998,25,3,35.58,15
1898,999,4,2,143.06,0
1899,1000,12,1,101.61,10
1900,1000,9,1,56.5,0
1901,1001,15,3,22.16,0
1902,1002,7,4,204.68,0
1903,1003,2,2,174.02,15
1904,1004,18,1,13.72,0
1905,1005,24,3,39.67,0
1906,1006,10,1,76.36,0
1907,1006,24,5,39.67,10
1908,1007,6,1,94.1,0
1909,1007,11,3,115.42,10
1910,1008,6,3,94.1,10
1911,1009,16,5,12.55,0
1912,1010,10,2,76.36,0
1913,1010,27,2,31.13,5
1914,1011,16,3,12.55,15
1915,1012,12,3,101.61,5
1916,1013,16,5,12.55,5
1917,1013,4,1,143.06,0
1918,1013,9,4,56.5,10
1919,1014,24,4,39.67,0
1920,1015,29,4,75.01,15
1921,1015,21,5,35.92,0
1922,1015,22,3,31.59,10
1923,1015,18,4,13.72,0
1924,1016,27,1,31.13,0
1925,1016,20,4,14.17,0
1926,1017,15,2,22.16,0
1927,1017,22,3,31.59,5
1928,1018,1,2,165.27,0
1929,1018,15,5,22.16,0
1930,1018,2,4,174.02,0
1931,1019,12,3,101.61,5
1932,1020,23,2,17.29,0
1933,1020,9,1,56.5,0
1934,1020,5,1,204.37,0
1935,1020,24,3,39.67,0
1936,1021,29,5,75.01,0
1937,1021,9,5,56.5,0
1938,1021,30,3,60.52,10
1939,1021,10,2,76.36,5
1940,1022,3,3,66.38,0
1941,1023,14,5,122.46,0
1942,1023,4,3,143.06,0
1943,1023,5,3,204.37,0
1944,1024,1,2,165.27,5
1945,1024,25,3,35.58,5
1946,1024,14,5,122.46,0
1947,1024,3,2,66.38,5
1948,1025,13,1,270.4,0
1949,1026,9,1,56.5,0
1950,1027,2,1,174.02,5
1951,1028,5,5,204.37,5
1952,1029,21,3,35.92,5
1953,1030,1,2,165.27,5
1954,1031,27,4,31.13,0
1955,1031,17,1,15.45,0
1956,1032,9,4,56.5,10
1957,1032,27,5,31.13,0
1958,1032,20,2,14.17,5
1959,1033,24,5,39.67,0
1960,1034,12,3,101.61,0
1961,1034,22,1,31.59,0
1962,1035,1,3,165.27,0
1963,1035,19,5,20.22,0
1964,1036,1,3,165.27,0
1965,1036,6,5,94.1,0
1966,1037,12,5,101.61,0
1967,1037,21,2,35.92,0
1968,1038,16,2,12.55,0
1969,1038,13,5,270.4,5
1970,1038,20,5,14.17,0
1971,1039,13,1,270.4,0
1972,1039,3,2,66.38,0
1973,1040,25,2,35.58,0
1974,1040,26,2,128.12,5
1975,1040,30,4,60.52,5
1976,1041,28,1,36.69,0
1977,1042,4,4,143.06,0
1978,1043,22,2,31.59,0
1979,1043,10,2,76.36,0
1980,1044,22,1,31.59,0
1981,1045,28,3,36.69,0
1982,1045,3,5,66.38,0
1983,1046,29,5,75.01,10
1984,1047,3,2,66.38,5
1985,1048,11,2,115.42,10
1986,1048,1,3,165.27,10
1987,1049,10,5,76.36,0
1988,1049,3,5,66.38,10
1989,1049,18,5,13.72,0
1990,1050,30,1,60.52,0
1991,1050,9,4,56.5,0
1992,1051,24,1,39.67,0
1993,1051,11,1,115.42,10
1994,1052,12,5,101.61,5
1995,1052,3,1,66.38,10
1996,1052,14,4,122.46,10
1997,1053,21,4,35.92,0
1998,1053,12,2,101.61,0
1999,1054,28,1,36.69,0
2000,1054,13,1,270.4,0
2001,1055,4,1,143.06,10
2002,1055,15,3,22.16,0
2003,1056,1,2,165.27,0
2004,1057,26,1,128.12,10
2005,1058,10,1,76.36,0
2006,1059,13,4,270.4,5
2007,1060,23,3,17.29,10
2008,1061,10,2,76.36,0
2009,1061,28,3,36.69,0
2010,1061,21,5,35.92,0
2011,1062,9,2,56.5,10
2012,1062,3,5,66.38,0
2013,1063,5,4,204.37,5
2014,1063,2,4,174.02,15
2015,1063,8,1,144.73,0
2016,1064,3,5,66.38,0
2017,1064,2,1,174.02,10
2018,1064,9,4,56.5,0
2019,1065,22,1,31.59,0
2020,1065,10,3,76.36,10
2021,1066,26,1,128.12,0
2022,1066,25,5,35.58,0
2023,1066,19,4,20.22,5
2024,1066,7,1,204.68,10
2025,1067,18,4,13.72,0
2026,1068,15,2,22.16,10
2027,1068,24,3,39.67,5
2028,1068,30,3,60.52,0
2029,1068,8,2,144.73,5
2030,1069,9,3,56.5,5
2031,1070,27,2,31.13,0
2032,1070,9,1,56.5,0
2033,1071,7,5,204.68,10
2034,1071,14,3,122.46,10
2035,1071,2,5,174.02,0
2036,1072,28,4,36.69,0
2037,1073,4,1,143.06,0
2038,1074,8,3,144.73,15
2039,1074,2,1,174.02,5
2040,1075,3,5,66.38,0
2041,1076,27,4,31.13,0
2042,1077,12,4,101.61,10
2043,1077,11,3,115.42,0
2044,1078,5,5,204.37,0
2045,1079,17,3,15.45,10
2046,1079,26,4,128.12,10
2047,1079,19,1,20.22,5
2048,1080,30,2,60.52,0
2049,1081,28,5,36.69,5
2050,1081,29,5,75.01,0
2051,1082,10,3,76.36,0
2052,1082,30,3,60.52,0
2053,1082,8,3,144.73,5
2054,1083,12,5,101.61,0
2055,1083,3,3,66.38,5
2056,1083,18,5,13.72,0
2057,1084,18,2,13.72,5
2058,1085,10,3,76.36,0
2059,1086,21,2,35.92,10
2060,1086,29,4,75.01,0
2061,1087,24,1,39.67,10
2062,1087,4,1,143.06,5
2063,1087,5,1,204.37,0
2064,1087,28,5,36.69,10
2065,1088,10,1,76.36,0
2066,1089,3,3,66.38,10
2067,1089,24,4,39.67,5
2068,1090,24,5,39.67,10
2069,1090,6,5,94.1,0
2070,1091,11,2,115.42,0
2071,1091,15,5,22.16,0
2072,1092,17,5,15.45,0
2073,1093,5,1,204.37,10
2074,1094,19,5,20.22,0
2075,1094,29,3,75.01,0
2076,1095,10,5,76.36,5
2077,1095,30,2,60.52,5
2078,1095,9,2,56.5,0
2079,1096,2,5,174.02,0
2080,1096,29,2,75.01,0
2081,1097,24,5,39.67,0
2082,1097,15,4,22.16,0
2083,1098,16,2,12.55,15
2084,1098,9,1,56.5,15
2085,1098,3,1,66.38,5
2086,1099,15,5,22.16,5
2087,1100,4,5,143.06,0
2088,1101,1,2,165.27,0
2089,1101,8,2,144.73,5
2090,1102,10,2,76.36,5
2091,1102,5,1,204.37,15
2092,1103,20,2,14.17,0
2093,1103,7,3,204.68,5
2094,1104,6,3,94.1,10
2095,1104,29,3,75.01,5
2096,1105,10,2,76.36,0
2097,1105,4,3,143.06,0
2098,1106,11,1,115.42,0
2099,1107,28,4,36.69,5
2100,1107,16,1,12.55,0
2101,1107,20,5,14.17,0
2102,1108,14,4,122.46,0
2103,1108,13,3,270.4,10
2104,1109,10,2,76.36,0
2105,1109,15,2,22.16,0
2106,1109,14,1,122.46,10
2107,1110,24,1,39.67,10
2108,1111,18,1,13.72,0
2109,1111,3,3,66.38,0
2110,1111,21,2,35.92,10
2111,1112,12,3,101.61,0
2112,1113,17,1,15.45,0
2113,1114,25,2,35.58,0
2114,1115,27,3,31.13,10
2115,1116,1,5,165.27,5
2116,1116,24,2,39.67,0
2117,1117,26,5,128.12,5
2118,1117,11,3,115.42,0
2119,1117,14,2,122.46,0
2120,1118,14,5,122.46,0
2121,1119,16,4,12.55,15
2122,1120,1,2,165.27,0
2123,1120,13,4,270.4,0
2124,1121,4,4,143.06,0
2125,1121,18,1,13.72,0
2126,1121,6,5,94.1,10
2127,1121,7,5,204.68,5
2128,1122,10,3,76.36,10
2129,1123,9,5,56.5,5
2130,1123,23,5,17.29,0
2131,1123,7,2,204.68,0
2132,1124,3,1,66.38,0
2133,1124,30,1,60.52,0
2134,1124,4,1,143.06,0
2135,1124,14,4,122.46,10
2136,1125,17,2,15.45,5
2137,1125,16,5,12.55,0
2138,1126,29,3,75.01,0
2139,1126,22,5,31.59,10
2140,1127,26,3,128.12,0
2141,1127,20,3,14.17,0
2142,1128,5,4,204.37,0
2143,1128,6,4,94.1,0
2144,1128,17,4,15.45,0
2145,1129,15,3,22.16,0
2146,1130,29,3,75.01,5
2147,1130,8,2,144.73,0
2148,1131,30,5,60.52,5
2149,1131,9,2,56.5,0
2150,1131,18,2,13.72,0
2151,1132,17,5,15.45,5
2152,1133,26,5,128.12,5
2153,1133,24,4,39.67,0
2154,1134,5,1,204.37,0
2155,1134,6,1,94.1,0
2156,1134,16,4,12.55,0
2157,1135,13,4,270.4,5
2158,1136,3,5,66.38,10
2159,1137,14,5,122.46,0
2160,1138,21,1,35.92,10
2161,1138,12,4,101.61,5
2162,1138,6,3,94.1,5
2163,1139,24,1,39.67,0
2164,1140,30,3,60.52,10
2165,1141,21,4,35.92,0
2166,1141,16,3,12.55,0
2167,1142,16,4,12.55,0
2168,1142,20,4,14.17,5
2169,1143,20,2,14.17,5
2170,1144,4,1,143.06,0
2171,1144,2,5,174.02,0
2172,1144,15,2,22.16,5
2173,1145,29,5,75.01,5
2174,1145,23,3,17.29,0
2175,1145,6,4,94.1,0
2176,1146,5,1,204.37,0
2177,1146,24,1,39.67,0
2178,1146,9,2,56.5,5
2179,1147,10,1,76.36,0
2180,1147,9,5,56.5,10
2181,1147,18,1,13.72,0
2182,1147,12,4,101.61,0
2183,1148,1,2,165.27,5
2184,1148,25,2,35.58,5
2185,1149,22,2,31.59,5
2186,1150,9,2,56.5,0
2187,1151,10,3,76.36,5
2188,1152,21,5,35.92,0
2189,1153,13,5,270.4,0
2190,1153,5,4,204.37,0
2191,1153,18,3,13.72,0
2192,1154,3,2,66.38,0
2193,1154,17,4,15.45,0
2194,1154,25,1,35.58,0
2195,1155,19,4,20.22,5
2196,1156,1,4,165.27,0
2197,1156,6,1,94.1,0
2198,1156,14,3,122.46,0
2199,1157,15,4,22.16,5
2200,1157,19,4,20.22,10
2201,1157,23,3,17.29,5
2202,1158,30,2,60.52,5
2203,1159,13,5,270.4,0
2204,1159,19,3,20.22,10
2205,1159,1,5,165.27,0
2206,1159,6,5,94.1,5
2207,1160,10,3,76.36,0
2208,1160,26,2,128.12,0
2209,1160,25,2,35.58,0
2210,1160,5,2,204.37,0
2211,1161,8,2,144.73,5
2212,1162,18,4,13.72,5
2213,1163,30,1,60.52,0
2214,1164,10,4,76.36,0
2215,1165,1,2,165.27,5
2216,1165,8,3,144.73,0
2217,1165,29,5,75.01,10
2218,1165,20,5,14.17,0
2219,1166,2,3,174.02,0
2220,1166,7,3,204.68,0
2221,1167,16,3,12.55,15
2222,1167,2,4,174.02,0
2223,1168,12,1,101.61,5
2224,1168,22,4,31.59,10
2225,1168,24,1,39.67,0
2226,1169,21,4,35.92,0
2227,1170,26,4,128.12,0
2228,1171,4,5,143.06,5
2229,1171,26,1,128.12,0
2230,1171,6,3,94.1,10
2231,1171,14,5,122.46,0
2232,1172,15,3,22.16,0
2233,1173,9,3,56.5,5
2234,1173,14,1,122.46,0
2235,1174,21,1,35.92,0
2236,1175,3,5,66.38,0
2237,1176,15,5,22.16,0
2238,1177,12,1,101.61,0
2239,1178,3,3,66.38,0
2240,1178,11,1,115.42,0
2241,1178,30,3,60.52,5
2242,1178,21,1,35.92,10
2243,1179,10,5,76.36,0
2244,1180,25,4,35.58,0
2245,1180,30,2,60.52,0
2246,1181,9,4,56.5,0
2247,1181,1,4,165.27,5
2248,1182,4,2,143.06,0
2249,1182,8,3,144.73,0
2250,1183,14,5,122.46,0
2251,1183,21,4,35.92,0
2252,1184,5,4,204.37,0
2253,1184,15,2,22.16,5
2254,1184,28,3,36.69,0
2255,1185,12,2,101.61,5
2256,1185,3,5,66.38,0
2257,1186,20,5,14.17,0
2258,1187,10,5,76.36,5
2259,1188,28,1,36.69,0
2260,1188,4,2,143.06,15
2261,1189,24,4,39.67,0
2262,1189,13,2,270.4,0
2263,1189,18,5,13.72,0
2264,1190,21,3,35.92,0
2265,1190,25,5,35.58,0
2266,1191,6,3,94.1,0
2267,1191,30,3,60.52,5
2268,1191,28,2,36.69,5
2269,1191,13,1,270.4,0
2270,1192,20,2,14.17,5
2271,1192,8,5,144.73,15
2272,1193,8,2,144.73,0
2273,1194,26,4,128.12,0
2274,1194,21,2,35.92,10
2275,1195,30,2,60.52,0
2276,1196,8,5,144.73,0
2277,1196,22,2,31.59,5
2278,1197,28,2,36.69,0
2279,1197,30,1,60.52,0
2280,1197,6,1,94.1,5
2281,1198,14,3,122.46,10
2282,1199,23,1,17.29,0
2283,1199,1,4,165.27,10
2284,1199,15,1,22.16,0
2285,1199,16,5,12.55,5
2286,1200,25,1,35.58,5
2287,1200,27,3,31.13,0
2288,1200,19,3,20.22,0
2289,1201,23,1,17.29,0
2290,1202,23,4,17.29,0
2291,1203,5,2,204.37,0
2292,1204,10,2,76.36,0
2293,1204,23,3,17.29,0
2294,1205,5,3,204.37,10
2295,1205,20,3,14.17,5
2296,1206,9,5,56.5,5
2297,1206,12,5,101.61,0
2298,1207,17,5,15.45,0
2299,1207,11,4,115.42,5
2300,1208,3,3,66.38,0
2301,1209,4,2,143.06,0
2302,1209,21,4,35.92,0
2303,1210,26,2,128.12,5
2304,1210,17,3,15.45,5
2305,1210,29,4,75.01,5
2306,1211,24,1,39.67,15
2307,1211,18,1,13.72,0
2308,1212,30,2,60.52,0
2309,1213,9,1,56.5,5
2310,1214,10,1,76.36,0
2311,1215,29,1,75.01,0
2312,1216,7,1,204.68,0
2313,1217,28,1,36.69,5
2314,1217,29,4,75.01,5
2315,1218,1,4,165.27,5
2316,1218,9,4,56.5,5
2317,1219,9,5,56.5,0
2318,1219,28,3,36.69,5
2319,1220,6,3,94.1,10
2320,1220,16,5,12.55,0
2321,1220,1,2,165.27,0
2322,1221,11,5,115.42,10
2323,1221,21,2,35.92,5
2324,1221,22,2,31.59,0
2325,1222,10,5,76.36,0
2326,1223,6,2,94.1,5
2327,1224,26,3,128.12,0
2328,1224,14,3,122.46,0
2329,1225,24,3,39.67,0
2330,1226,13,3,270.4,5
2331,1226,2,2,174.02,15
2332,1226,14,3,122.46,0
2333,1227,12,1,101.61,0
2334,1228,20,3,14.17,0
2335,1228,17,2,15.45,0
2336,1228,15,4,22.16,10
2337,1229,30,4,60.52,0
2338,1230,9,3,56.5,0
2339,1230,18,3,13.72,0
2340,1231,14,2,122.46,0
2341,1231,27,5,31.13,0
2342,1231,5,1,204.37,0
2343,1232,27,1,31.13,0
2344,1232,10,1,76.36,10
2345,1233,25,4,35.58,5
2346,1234,7,3,204.68,0
2347,1235,13,4,270.4,5
2348,1236,2,3,174.02,5
2349,1236,17,4,15.45,0
2350,1237,18,1,13.72,0
2351,1238,21,1,35.92,5
2352,1238,7,4,204.68,10
2353,1239,6,5,94.1,0
2354,1240,1,4,165.27,0
2355,1241,14,2,122.46,0
2356,1242,22,5,31.59,10
2357,1242,7,5,204.68,0
2358,1243,20,1,14.17,5
2359,1244,8,2,144.73,0
2360,1245,25,4,35.58,0
2361,1245,12,4,101.61,0
2362,1245,1,2,165.27,0
2363,1245,5,4,204.37,0
2364,1246,6,5,94.1,10
2365,1247,16,5,12.55,0
2366,1248,12,5,101.61,0
2367,1248,16,4,12.55,0
2368,1248,9,4,56.5,10
2369,1249,27,3,31.13,0
2370,1249,3,1,66.38,5
2371,1249,14,4,122.46,10
2372,1249,28,1,36.69,15
2373,1250,6,2,94.1,0
2374,1250,19,2,20.22,5
2375,1250,1,1,165.27,0
2376,1251,27,4,31.13,0
2377,1251,6,5,94.1,15
2378,1252,4,1,143.06,0
2379,1252,26,3,128.12,0
2380,1252,6,3,94.1,10
2381,1253,29,4,75.01,0
2382,1254,24,2,39.67,0
2383,1254,17,3,15.45,10
2384,1254,6,1,94.1,0
2385,1255,29,5,75.01,0
2386,1256,29,2,75.01,0
2387,1256,9,5,56.5,0
2388,1257,28,2,36.69,0
2389,1257,19,5,20.22,0
2390,1258,10,5,76.36,0
2391,1258,29,2,75.01,0
2392,1259,19,5,20.22,0
2393,1259,17,3,15.45,5
2394,1260,30,1,60.52,5
2395,1260,28,4,36.69,5
2396,1261,26,2,128.12,0
2397,1262,21,5,35.92,0
2398,1263,9,5,56.5,10
2399,1264,16,4,12.55,5
2400,1264,25,3,35.58,5
2401,1264,18,3,13.72,0
2402,1265,8,4,144.73,10
2403,1266,15,4,22.16,0
2404,1267,29,2,75.01,10
2405,1267,17,2,15.45,5
2406,1267,7,2,204.68,5
2407,1268,17,5,15.45,0
2408,1268,2,2,174.02,5
2409,1268,26,5,128.12,0
2410,1269,8,2,144.73,0
2411,1269,27,5,31.13,0
2412,1269,30,2,60.52,0
2413,1270,15,3,22.16,0
2414,1270,11,3,115.42,5
2415,1270,5,3,204.37,0
2416,1271,5,4,204.37,10
2417,1272,14,4,122.46,0
2418,1273,5,5,204.37,10
2419,1273,29,2,75.01,0
2420,1273,13,2,270.4,5
2421,1273,4,3,143.06,0
2422,1274,16,4,12.55,0
2423,1274,8,1,144.73,0
2424,1275,24,3,39.67,10
2425,1275,11,1,115.42,0
2426,1275,29,3,75.01,0
2427,1276,26,3,128.12,0
2428,1276,16,1,12.55,0
2429,1277,28,4,36.69,10
2430,1278,27,3,31.13,5
2431,1278,24,3,39.67,0
2432,1278,9,3,56.5,15
2433,1279,16,2,12.55,0
2434,1280,20,5,14.17,0
2435,1280,27,5,31.13,10
2436,1281,21,1,35.92,0
2437,1281,4,2,143.06,0
2438,1281,19,5,20.22,0
2439,1282,28,5,36.69,0
2440,1282,15,4,22.16,10
2441,1282,19,4,20.22,5
2442,1283,4,1,143.06,5
2443,1283,10,3,76.36,0
2444,1283,30,3,60.52,0
2445,1283,14,2,122.46,0
2446,1284,26,2,128.12,0
2447,1285,12,2,101.61,10
2448,1286,8,3,144.73,0
2449,1286,11,1,115.42,5
2450,1286,27,3,31.13,5
2451,1287,16,4,12.55,10
2452,1287,12,2,101.61,15
2453,1287,11,3,115.42,0
2454,1288,25,5,35.58,0
2455,1288,18,5,13.72,5
2456,1289,13,2,270.4,5
2457,1289,28,5,36.69,0
2458,1289,9,2,56.5,10
2459,1290,10,1,76.36,0
2460,1290,20,2,14.17,0
2461,1290,19,1,20.22,0
2462,1291,23,2,17.29,0
2463,1292,8,1,144.73,10
2464,1293,7,5,204.68,0
2465,1293,14,5,122.46,10
2466,1293,6,4,94.1,5
2467,1293,28,3,36.69,10
2468,1294,11,2,115.42,0
2469,1294,18,2,13.72,5
2470,1294,12,5,101.61,0
2471,1294,3,5,66.38,5
2472,1295,12,5,101.61,10
2473,1296,15,5,22.16,0
2474,1296,16,2,12.55,0
2475,1297,23,1,17.29,5
2476,1297,5,1,204.37,15
2477,1298,14,2,122.46,15
2478,1298,23,2,17.29,5
2479,1299,26,5,128.12,10
2480,1300,20,3,14.17,0
2481,1300,2,1,174.02,5
2482,1300,23,5,17.29,0
2483,1301,6,4,94.1,5
2484,1301,27,3,31.13,0
2485,1301,1,4,165.27,0
2486,1302,28,2,36.69,0
2487,1302,11,3,115.42,0
2488,1303,7,2,204.68,0
2489,1304,9,1,56.5,10
2490,1305,1,5,165.27,0
2491,1306,12,1,101.61,15
2492,1306,28,2,36.69,5
2493,1307,22,2,31.59,0
2494,1308,6,4,94.1,0
2495,1308,17,1,15.45,10
2496,1308,5,1,204.37,10
2497,1309,17,2,15.45,10
2498,1310,15,4,22.16,5
2499,1310,30,1,60.52,5
2500,1310,22,1,31.59,0
2501,1310,18,3,13.72,0
2502,1311,30,4,60.52,10
2503,1312,3,3,66.38,10
2504,1312,22,5,31.59,0
2505,1312,21,5,35.92,0
2506,1313,25,2,35.58,0
2507,1314,16,3,12.55,0
2508,1314,4,5,143.06,0
2509,1315,2,1,174.02,0
2510,1315,17,1,15.45,0
2511,1316,24,5,39.67,0
2512,1316,2,3,174.02,0
2513,1317,14,5,122.46,0
2514,1317,24,2,39.67,0
2515,1318,29,1,75.01,5
2516,1318,8,4,144.73,0
2517,1318,23,5,17.29,0
2518,1318,11,4,115.42,0
2519,1319,27,3,31.13,15
2520,1320,5,2,204.37,0
2521,1321,29,3,75.01,0
2522,1321,21,3,35.92,0
2523,1322,7,4,204.68,0
2524,1322,27,1,31.13,5
2525,1322,25,4,35.58,0
2526,1323,4,1,143.06,0
2527,1324,9,4,56.5,0
2528,1324,22,3,31.59,0
2529,1324,23,5,17.29,0
2530,1324,30,1,60.52,0
2531,1325,17,1,15.45,0
2532,1326,25,1,35.58,0
2533,1327,2,5,174.02,5
2534,1327,22,2,31.59,5
2535,1328,28,3,36.69,10
2536,1329,10,5,76.36,0
2537,1330,28,4,36.69,0
2538,1331,11,1,115.42,0
2539,1332,24,3,39.67,0
2540,1332,30,2,60.52,10
2541,1333,13,5,270.4,0
2542,1334,21,4,35.92,10
2543,1335,24,2,39.67,5
2544,1336,5,3,204.37,0
2545,1336,15,3,22.16,5
2546,1336,18,2,13.72,15
2547,1336,29,4,75.01,15
2548,1337,2,4,174.02,0
2549,1338,7,4,204.68,10
2550,1338,13,4,270.4,5
2551,1339,13,2,270.4,5
2552,1340,28,5,36.69,0
2553,1341,10,2,76.36,0
2554,1342,25,1,35.58,0
2555,1342,28,3,36.69,0
2556,1342,20,2,14.17,5
2557,1342,14,5,122.46,0
2558,1343,9,5,56.5,5
2559,1343,24,4,39.67,0
2560,1344,5,4,204.37,0
2561,1344,25,5,35.58,0
2562,1344,30,1,60.52,5
2563,1345,11,3,115.42,10
2564,1345,28,3,36.69,0
2565,1345,3,2,66.38,15
2566,1346,29,4,75.01,0
2567,1347,29,2,75.01,0
2568,1347,5,5,204.37,10
2569,1348,9,2,56.5,15
2570,1348,23,2,17.29,10
2571,1349,16,1,12.55,0
2572,1349,6,3,94.1,10
2573,1350,22,3,31.59,15
2574,1350,19,3,20.22,0
2575,1350,12,2,101.61,5
2576,1350,29,4,75.01,10
2577,1351,21,3,35.92,0
2578,1352,19,2,20.22,0
2579,1352,14,3,122.46,0
2580,1353,2,3,174.02,0
2581,1353,21,4,35.92,0
2582,1353,8,3,144.73,5
2583,1353,23,4,17.29,5
2584,1354,1,4,165.27,0
2585,1354,24,4,39.67,0
2586,1354,19,1,20.22,5
2587,1354,10,3,76.36,5
2588,1355,14,2,122.46,10
2589,1355,23,3,17.29,0
2590,1355,11,4,115.42,0
2591,1356,11,5,115.42,10
2592,1356,28,1,36.69,10
2593,1357,19,2,20.22,5
2594,1358,30,5,60.52,0
2595,1359,11,1,115.42,5
2596,1359,26,1,128.12,5
2597,1360,3,4,66.38,5
2598,1360,1,2,165.27,0
2599,1361,27,2,31.13,5
2600,1362,19,1,20.22,0
2601,1362,28,5,36.69,0
2602,1363,7,1,204.68,5
2603,1363,23,1,17.29,0
2604,1364,19,5,20.22,0
2605,1364,10,3,76.36,0
2606,1365,29,3,75.01,0
2607,1366,2,4,174.02,0
2608,1366,20,4,14.17,0
2609,1366,25,1,35.58,0
2610,1366,27,3,31.13,5
2611,1367,11,3,115.42,5
2612,1367,15,4,22.16,0
2613,1368,8,2,144.73,0
2614,1368,19,3,20.22,0
2615,1369,15,2,22.16,5
2616,1369,28,4,36.69,0
2617,1369,29,1,75.01,10
2618,1369,5,3,204.37,0
2619,1370,22,2,31.59,0
2620,1370,29,2,75.01,0
2621,1370,6,1,94.1,0
2622,1371,10,5,76.36,0
2623,1372,28,2,36.69,0
2624,1373,16,5,12.55,0
2625,1374,1,3,165.27,5
2626,1375,20,5,14.17,0
2627,1375,5,3,204.37,10
2628,1376,14,2,122.46,0
2629,1377,29,3,75.01,0
2630,1377,16,5,12.55,5
2631,1378,19,5,20.22,5
2632,1378,30,2,60.52,0
2633,1378,8,4,144.73,10
2634,1379,11,1,115.42,0
2635,1380,25,2,35.58,5
2636,1381,8,2,144.73,5
2637,1382,9,3,56.5,0
2638,1383,7,5,204.68,0
2639,1383,30,1,60.52,5
2640,1383,20,2,14.17,0
2641,1384,28,3,36.69,0
2642,1384,1,2,165.27,0
2643,1385,25,2,35.58,0
2644,1386,30,3,60.52,0
2645,1387,11,1,115.42,0
2646,1387,1,3,165.27,0
2647,1388,21,3,35.92,0
2648,1388,14,3,122.46,5
2649,1389,2,1,174.02,5
2650,1389,29,2,75.01,0
2651,1389,17,1,15.45,0
2652,1390,12,4,101.61,0
2653,1390,11,1,115.42,0
2654,1390,3,5,66.38,0
2655,1391,3,2,66.38,0
2656,1391,27,1,31.13,5
2657,1392,2,2,174.02,0
2658,1392,21,1,35.92,0
2659,1393,13,4,270.4,0
2660,1394,18,1,13.72,0
2661,1394,3,1,66.38,0
2662,1395,12,2,101.61,0
2663,1395,17,2,15.45,0
2664,1396,13,2,270.4,10
2665,1397,13,3,270.4,0
2666,1397,4,4,143.06,5
2667,1397,21,5,35.92,5
2668,1398,30,2,60.52,0
2669,1399,29,3,75.01,0
2670,1399,19,1,20.22,5
2671,1400,10,2,76.36,10
2672,1400,1,3,165.27,0
2673,1401,25,2,35.58,10
2674,1402,8,5,144.73,0
2675,1402,3,1,66.38,10
2676,1403,10,5,76.36,15
2677,1403,15,1,22.16,0
2678,1403,13,2,270.4,5
2679,1403,24,4,39.67,5
2680,1404,2,1,174.02,0
2681,1405,21,1,35.92,10
2682,1406,28,5,36.69,5
2683,1407,23,2,17.29,0
2684,1408,15,4,22.16,0
2685,1409,29,4,75.01,0
2686,1409,9,3,56.5,0
2687,1409,23,3,17.29,15
2688,1409,10,2,76.36,0
2689,1410,28,5,36.69,15
2690,1410,14,4,122.46,5
2691,1411,12,4,101.61,10
2692,1412,18,3,13.72,5
2693,1412,5,3,204.37,0
2694,1413,5,4,204.37,5
2695,1413,27,4,31.13,0
2696,1413,22,4,31.59,0
2697,1414,15,5,22.16,10
2698,1414,25,2,35.58,10
2699,1415,11,5,115.42,5
2700,1416,26,4,128.12,0
2701,1416,7,4,204.68,10
2702,1416,27,5,31.13,0
2703,1416,23,5,17.29,0
2704,1417,8,3,144.73,0
2705,1418,17,2,15.45,0
2706,1418,22,4,31.59,5
2707,1418,27,1,31.13,0
2708,1418,13,4,270.4,0
2709,1419,17,4,15.45,0
2710,1419,26,1,128.12,5
2711,1419,4,3,143.06,0
2712,1420,27,2,31.13,0
2713,1421,3,1,66.38,0
2714,1421,9,3,56.5,5
2715,1421,15,1,22.16,5
2716,1422,19,4,20.22,5
2717,1423,12,3,101.61,5
2718,1423,1,4,165.27,5
2719,1424,22,4,31.59,0
2720,1424,16,4,12.55,5
2721,1424,1,1,165.27,0
2722,1425,30,4,60.52,0
2723,1425,4,3,143.06,0
2724,1426,15,5,22.16,0
2725,1426,7,1,204.68,5
2726,1427,3,2,66.38,0
2727,1427,17,5,15.45,0
2728,1428,17,4,15.45,0
2729,1429,14,2,122.46,15
2730,1429,4,1,143.06,0
2731,1430,29,4,75.01,0
2732,1430,6,2,94.1,0
2733,1430,25,5,35.58,10
2734,1431,4,5,143.06,0
2735,1431,6,4,94.1,0
2736,1431,5,4,204.37,0
2737,1431,24,5,39.67,10
2738,1432,14,5,122.46,5
2739,1433,16,5,12.55,10
2740,1433,13,2,270.4,0
2741,1434,18,3,13.72,0
2742,1435,4,1,143.06,0
2743,1435,18,2,13.72,0
2744,1436,1,5,165.27,5
2745,1436,4,5,143.06,0
2746,1437,16,2,12.55,0
2747,1438,21,5,35.92,10
2748,1439,25,1,35.58,0
2749,1440,21,3,35.92,10
2750,1441,25,2,35.58,5
2751,1441,13,3,270.4,0
2752,1441,1,5,165.27,10
2753,1442,17,2,15.45,0
2754,1442,29,5,75.01,0
2755,1442,14,1,122.46,0
2756,1442,21,1,35.92,0
2757,1443,12,4,101.61,0
2758,1443,9,3,56.5,0
2759,1444,16,5,12.55,5
2760,1444,13,5,270.4,0
2761,1445,11,5,115.42,5
2762,1445,18,1,13.72,0
2763,1446,11,3,115.42,10
2764,1446,30,5,60.52,0
2765,1447,9,5,56.5,0
2766,1448,25,3,35.58,0
2767,1449,15,5,22.16,0
2768,1450,26,3,128.12,0
2769,1451,9,5,56.5,0
2770,1451,30,3,60.52,0
2771,1452,13,2,270.4,10
2772,1452,1,3,165.27,10
2773,1452,3,4,66.38,10
2774,1453,9,1,56.5,15
2775,1454,11,1,115.42,0
2776,1455,3,3,66.38,0
2777,1456,14,1,122.46,10
2778,1456,7,5,204.68,0
2779,1457,8,2,144.73,0
2780,1458,8,2,144.73,0
2781,1459,13,1,270.4,15
2782,1459,7,1,204.68,0
2783,1459,18,5,13.72,15
2784,1459,20,3,14.17,10
2785,1460,20,2,14.17,10
2786,1461,19,5,20.22,10
2787,1462,15,4,22.16,0
2788,1463,9,4,56.5,0
2789,1463,7,5,204.68,0
2790,1464,7,3,204.68,0
2791,1465,13,2,270.4,0
2792,1466,13,4,270.4,15
2793,1466,20,5,14.17,0
2794,1466,29,1,75.01,0
2795,1467,14,4,122.46,10
2796,1468,9,4,56.5,0
2797,1469,7,1,204.68,15
2798,1469,28,3,36.69,0
2799,1470,2,1,174.02,0
2800,1470,9,3,56.5,0
2801,1471,8,5,144.73,0
2802,1471,14,1,122.46,5
2803,1471,10,5,76.36,5
2804,1471,6,2,94.1,0
2805,1472,7,1,204.68,0
2806,1472,20,1,14.17,0
2807,1472,23,2,17.29,0
2808,1473,18,2,13.72,0
2809,1474,1,5,165.27,10
2810,1474,17,4,15.45,0
2811,1475,27,3,31.13,0
2812,1475,12,4,101.61,0
2813,1475,19,1,20.22,5
2814,1476,5,5,204.37,5
2815,1476,1,4,165.27,0
2816,1476,10,4,76.36,10
2817,1476,15,4,22.16,15
2818,1477,13,5,270.4,10
2819,1477,25,2,35.58,0
2820,1477,9,4,56.5,0
2821,1478,4,4,143.06,0
2822,1478,20,3,14.17,0
2823,1478,29,3,75.01,0
2824,1479,15,2,22.16,5
2825,1479,28,3,36.69,0
2826,1479,19,2,20.22,0
2827,1480,15,2,22.16,0
2828,1480,12,4,101.61,15
2829,1481,2,3,174.02,0
2830,1482,12,5,101.61,0
2831,1482,27,1,31.13,10
2832,1483,6,5,94.1,0
2833,1483,1,1,165.27,0
2834,1483,4,5,143.06,0
2835,1483,5,4,204.37,0
2836,1484,26,5,128.12,0
2837,1485,25,5,35.58,5
2838,1486,22,4,31.59,5
2839,1487,20,4,14.17,0
2840,1488,14,5,122.46,0
2841,1489,1,1,165.27,0
2842,1489,3,4,66.38,5
2843,1489,6,2,94.1,0
2844,1489,28,2,36.69,10
2845,1490,20,4,14.17,15
2846,1490,24,3,39.67,0
2847,1490,12,5,101.61,10
2848,1491,22,5,31.59,0
2849,1492,1,4,165.27,0
2850,1493,13,5,270.4,0
2851,1493,2,3,174.02,0
2852,1494,8,2,144.73,10
2853,1494,15,5,22.16,0
2854,1494,29,4,75.01,5
2855,1495,16,1,12.55,5
2856,1496,1,3,165.27,10
2857,1497,13,2,270.4,0
2858,1497,19,2,20.22,0
2859,1498,13,1,270.4,0
2860,1499,29,1,75.01,10
2861,1500,5,3,204.37,15
