order_id,customer_id,order_date,status
1,37,2025-04-21,Completed
2,174,2025-09-03,Completed
3,109,2025-10-15,Completed
4,98,2025-09-19,Completed
5,200,2025-11-02,Cancelled
6,91,2025-04-07,Completed
7,113,2025-01-12,Completed
8,45,2025-04-26,Completed
9,120,2025-12-05,Completed
10,143,2025-06-26,Completed
11,192,2025-10-19,Completed
12,144,2025-06-20,Completed
13,78,2025-10-04,Completed
14,168,2025-02-16,Completed
15,166,2025-06-13,Completed
16,145,2025-04-27,Completed
17,38,2025-11-20,Completed
18,61,2025-09-01,Completed
19,191,2025-02-15,Completed
20,169,2025-08-15,Completed
21,28,2025-08-15,Completed
22,71,2025-09-19,Completed
23,130,2025-09-04,Completed
24,56,2025-07-08,Completed
25,176,2025-12-03,Completed
26,96,2025-11-18,Completed
27,27,2025-09-07,Completed
28,72,2025-09-26,Completed
29,169,2025-11-09,Completed
30,90,2025-01-28,Completed
31,108,2025-08-06,Completed
32,194,2025-09-22,Completed
33,107,2025-05-25,Completed
34,152,2025-08-22,Completed
35,78,2025-12-25,Completed
36,192,2025-07-05,Completed
37,118,2025-12-28,Completed
38,104,2025-01-11,Completed
39,80,2025-11-08,Completed
40,50,2025-12-12,Completed
41,198,2025-10-15,Completed
42,18,2025-08-21,Completed
43,80,2025-08-02,Completed
44,190,2025-12-15,Cancelled
45,116,2025-02-27,Completed
46,135,2025-08-06,Completed
47,186,2025-11-20,Completed
48,80,2025-12-23,Completed
49,97,2025-10-11,Completed
50,5,2025-06-06,Returned
51,36,2025-03-10,Completed
52,135,2025-01-11,Completed
53,43,2025-10-02,Completed
54,62,2025-06-26,Completed
55,155,2025-03-09,Completed
56,73,2025-02-06,Completed
57,99,2025-12-12,Completed
58,36,2025-01-27,Completed
59,141,2025-12-20,Completed
60,13,2025-05-21,Completed
61,148,2025-05-05,Completed
62,48,2025-10-03,Completed
63,130,2025-09-13,Completed
64,5,2025-06-03,Completed
65,91,2025-09-27,Completed
66,52,2025-01-07,Completed
67,140,2025-08-02,Completed
68,85,2025-05-26,Completed
69,133,2025-05-03,Completed
70,83,2025-02-11,Completed
71,114,2025-06-02,Completed
72,174,2025-11-02,Completed
73,146,2025-01-05,Completed
74,48,2025-08-13,Cancelled
75,55,2025-12-10,Completed
76,75,2025-12-28,Completed
77,52,2025-11-08,Completed
78,142,2025-03-03,Completed
79,197,2025-07-19,Completed
80,15,2025-11-17,Completed
81,133,2025-12-28,Completed
82,78,2025-09-03,Completed
83,160,2025-10-20,Completed
84,8,2025-08-21,Completed
85,19,2025-10-06,Completed
86,89,2025-12-05,Completed
87,37,2025-02-10,Cancelled
88,128,2025-12-15,Completed
89,130,2025-08-08,Completed
90,168,2025-10-10,Completed
91,144,2025-04-18,Completed
92,160,2025-10-04,Completed
93,94,2025-11-07,Completed
94,183,2025-06-16,Completed
95,157,2025-06-13,Returned
96,182,2025-09-16,Completed
97,150,2025-06-24,Completed
98,185,2025-01-16,Completed
99,180,2025-03-01,Completed
100,199,2025-09-16,Completed
101,170,2025-08-13,Completed
102,91,2025-10-28,Completed
103,77,2025-04-10,Completed
104,185,2025-05-04,Completed
105,74,2025-12-03,Completed
106,138,2025-05-18,Completed
107,13,2025-10-17,Completed
108,121,2025-02-25,Completed
109,23,2025-10-08,Completed
110,10,2025-12-13,Completed
111,3,2025-05-20,Completed
112,188,2025-08-09,Completed
113,194,2025-04-20,Completed
114,64,2025-01-13,Completed
115,120,2025-06-13,Completed
116,117,2025-11-20,Completed
117,175,2025-11-28,Completed
118,141,2025-12-07,Completed
119,175,2025-04-19,Completed
120,173,2025-11-24,Completed
121,12,2025-07-23,Completed
122,97,2025-07-22,Returned
123,58,2025-11-25,Completed
124,98,2025-11-08,Completed
125,170,2025-07-25,Cancelled
126,12,2025-07-08,Completed
127,154,2025-11-27,Completed
128,77,2025-05-18,Cancelled
129,82,2025-10-14,Completed
130,58,2025-06-23,Completed
131,100,2025-05-07,Completed
132,186,2025-11-02,Completed
133,144,2025-04-07,Completed
134,49,2025-12-04,Completed
135,73,2025-07-18,Completed
136,120,2025-02-24,Completed
137,142,2025-12-19,Completed
138,146,2025-11-16,Completed
139,139,2025-12-02,Completed
140,39,2025-01-17,Completed
141,169,2025-08-01,Completed
142,138,2025-12-01,Completed
143,62,2025-04-17,Completed
144,104,2025-08-08,Returned
145,167,2025-11-03,Completed
146,180,2025-04-16,Completed
147,178,2025-12-16,Completed
148,193,2025-11-27,Completed
149,100,2025-10-18,Completed
150,20,2025-06-25,Completed
151,92,2025-09-13,Completed
152,183,2025-02-09,Completed
153,79,2025-07-25,Completed
154,143,2025-08-04,Completed
155,84,2025-11-01,Completed
156,63,2025-09-06,Completed
157,38,2025-02-14,Completed
158,64,2025-10-16,Completed
159,102,2025-06-20,Completed
160,46,2025-12-11,Completed
161,101,2025-06-19,Completed
162,18,2025-11-26,Completed
163,97,2025-02-20,Completed
164,93,2025-10-26,Completed
165,157,2025-01-21,Completed
166,111,2025-02-04,Completed
167,101,2025-08-22,Completed
168,22,2025-03-24,Completed
169,90,2025-08-15,Completed
170,88,2025-10-22,Completed
171,48,2025-10-14,Completed
172,55,2025-04-25,Completed
173,126,2025-08-21,Completed
174,91,2025-11-20,Completed
175,62,2025-06-06,Completed
176,148,2025-07-06,Completed
177,48,2025-06-15,Completed
178,126,2025-07-27,Completed
179,57,2025-05-09,Completed
180,198,2025-11-18,Completed
181,194,2025-01-24,Completed
182,168,2025-11-10,Completed
183,23,2025-07-04,Completed
184,182,2025-09-14,Completed
185,146,2025-06-09,Completed
186,69,2025-12-17,Returned
187,33,2025-10-05,Completed
188,161,2025-07-15,Completed
189,1,2025-11-28,Completed
190,110,2025-11-16,Completed
191,161,2025-11-15,Completed
192,93,2025-05-12,Completed
193,24,2025-10-01,Completed
194,114,2025-01-23,Completed
195,123,2025-02-13,Completed
196,145,2025-01-21,Completed
197,158,2025-10-28,Completed
198,64,2025-05-03,Completed
199,169,2025-12-07,Completed
200,29,2025-05-21,Completed
201,140,2025-10-25,Completed
202,109,2025-10-03,Completed
203,40,2025-09-13,Completed
204,30,2025-08-20,Completed
205,42,2025-08-12,Completed
206,8,2025-06-14,Completed
207,128,2025-08-12,Completed
208,4,2025-05-16,Completed
209,20,2025-09-04,Completed
210,142,2025-08-12,Completed
211,127,2025-12-25,Completed
212,1,2025-11-13,Completed
213,16,2025-12-05,Completed
214,134,2025-07-12,Completed
215,146,2025-02-22,Returned
216,101,2025-10-24,Completed
217,28,2025-03-15,Completed
218,119,2025-05-04,Completed
219,102,2025-08-22,Completed
220,36,2025-03-02,Completed
221,17,2025-04-21,Completed
222,119,2025-01-19,Completed
223,48,2025-05-15,Completed
224,76,2025-08-18,Completed
225,165,2025-12-17,Completed
226,7,2025-06-08,Completed
227,169,2025-05-18,Completed
228,8,2025-10-12,Cancelled
229,24,2025-01-20,Completed
230,46,2025-12-28,Completed
231,37,2025-11-28,Completed
232,170,2025-07-04,Completed
233,125,2025-10-06,Completed
234,45,2025-07-24,Completed
235,147,2025-07-25,Returned
236,157,2025-04-19,Completed
237,23,2025-11-22,Completed
238,13,2025-07-24,Completed
239,90,2025-09-04,Completed
240,82,2025-05-04,Completed
241,141,2025-12-03,Completed
242,49,2025-07-18,Completed
243,147,2025-09-16,Completed
244,170,2025-10-16,Completed
245,122,2025-11-10,Completed
246,95,2025-12-12,Completed
247,69,2025-09-05,Completed
248,151,2025-04-02,Completed
249,183,2025-01-19,Cancelled
250,50,2025-03-14,Completed
251,187,2025-12-03,Completed
252,160,2025-09-26,Completed
253,195,2025-12-04,Cancelled
254,68,2025-07-16,Completed
255,103,2025-01-11,Completed
256,6,2025-06-26,Completed
257,59,2025-03-24,Completed
258,195,2025-08-12,Completed
259,135,2025-12-01,Completed
260,119,2025-08-21,Cancelled
261,122,2025-09-12,Completed
262,55,2025-11-21,Completed
263,200,2025-12-22,Completed
264,97,2025-11-15,Completed
265,170,2025-12-27,Completed
266,71,2025-10-28,Completed
267,15,2025-11-26,Completed
268,168,2025-08-10,Completed
269,147,2025-11-11,Completed
270,172,2025-06-10,Completed
271,47,2025-12-11,Completed
272,85,2025-06-19,Completed
273,175,2025-07-10,Completed
274,125,2025-06-06,Completed
275,199,2025-04-25,Completed
276,10,2025-09-24,Completed
277,174,2025-01-24,Completed
278,43,2025-02-02,Completed
279,87,2025-07-22,Returned
280,49,2025-03-26,Completed
281,6,2025-09-06,Completed
282,160,2025-01-02,Completed
283,65,2025-08-05,Completed
284,156,2025-10-14,Completed
285,30,2025-11-16,Completed
286,92,2025-10-10,Completed
287,23,2025-12-27,Completed
288,165,2025-04-10,Completed
289,75,2025-06-22,Completed
290,44,2025-06-15,Returned
291,88,2025-04-13,Completed
292,179,2025-10-28,Completed
293,174,2025-07-20,Completed
294,125,2025-03-14,Completed
295,174,2025-08-24,Completed
296,170,2025-10-16,Completed
297,165,2025-12-17,Completed
298,141,2025-10-13,Completed
299,128,2025-07-04,Returned
300,24,2025-11-20,Completed
301,85,2025-09-20,Completed
302,91,2025-11-26,Completed
303,184,2025-11-14,Completed
304,28,2025-11-02,Cancelled
305,2,2025-08-02,Completed
306,200,2025-12-06,Completed
307,169,2025-09-11,Completed
308,88,2025-12-15,Completed
309,180,2025-09-11,Completed
310,195,2025-06-16,Completed
311,172,2025-01-09,Completed
312,16,2025-10-10,Completed
313,191,2025-10-13,Completed
314,14,2025-01-09,Completed
315,51,2025-11-07,Completed
316,45,2025-10-04,Completed
317,150,2025-11-01,Completed
318,161,2025-09-22,Completed
319,140,2025-09-03,Completed
320,167,2025-01-22,Completed
321,63,2025-12-22,Completed
322,139,2025-10-01,Cancelled
323,22,2025-12-06,Returned
324,53,2025-09-23,Completed
325,184,2025-06-03,Completed
326,59,2025-12-14,Completed
327,165,2025-10-03,Completed
328,176,2025-06-03,Completed
329,163,2025-03-22,Completed
330,141,2025-12-10,Completed
331,48,2025-04-27,Completed
332,193,2025-12-18,Completed
333,125,2025-12-12,Completed
334,116,2025-06-22,Completed
335,64,2025-11-23,Completed
336,188,2025-06-16,Completed
337,45,2025-10-03,Completed
338,162,2025-01-19,Completed
339,58,2025-12-19,Completed
340,102,2025-06-01,Completed
341,145,2025-10-05,Completed
342,95,2025-05-22,Completed
343,71,2025-11-09,Completed
344,97,2025-12-08,Completed
345,124,2025-12-01,Completed
346,165,2025-05-05,Completed
347,107,2025-11-24,Completed
348,12,2025-03-19,Completed
349,47,2025-08-13,Completed
350,121,2025-11-06,Completed
351,47,2025-09-17,Completed
352,99,2025-03-01,Completed
353,137,2025-08-04,Completed
354,95,2025-11-23,Completed
355,98,2025-06-26,Completed
356,140,2025-07-07,Completed
357,53,2025-10-11,Completed
358,138,2025-07-12,Completed
359,148,2025-06-23,Completed
360,115,2025-11-06,Completed
361,163,2025-01-03,Completed
362,156,2025-01-13,Cancelled
363,153,2025-01-25,Completed
364,9,2025-11-17,Completed
365,168,2025-01-06,Completed
366,104,2025-09-17,Completed
367,90,2025-06-27,Completed
368,130,2025-02-03,Completed
369,138,2025-11-19,Completed
370,63,2025-11-25,Completed
371,163,2025-11-08,Completed
372,133,2025-09-23,Completed
373,88,2025-02-06,Completed
374,192,2025-10-07,Completed
375,53,2025-04-27,Completed
376,170,2025-08-01,Completed
377,148,2025-11-16,Completed
378,139,2025-01-12,Completed
379,3,2025-01-07,Completed
380,48,2025-09-08,Completed
381,148,2025-10-27,Completed
382,98,2025-04-26,Returned
383,128,2025-03-28,Completed
384,13,2025-07-23,Completed
385,25,2025-07-11,Completed
386,106,2025-03-28,Completed
387,173,2025-08-25,Completed
388,157,2025-09-28,Cancelled
389,168,2025-05-09,Completed
390,93,2025-11-17,Returned
391,61,2025-10-24,Completed
392,17,2025-12-16,Completed
393,22,2025-02-20,Completed
394,33,2025-03-27,Completed
395,120,2025-12-18,Cancelled
396,192,2025-10-19,Completed
397,114,2025-06-14,Completed
398,35,2025-06-16,Completed
399,153,2025-04-01,Completed
400,64,2025-03-24,Completed
401,176,2025-05-21,Completed
402,70,2025-10-16,Completed
403,27,2025-05-05,Completed
404,80,2025-11-16,Returned
405,199,2025-07-18,Completed
406,4,2025-03-25,Completed
407,9,2025-04-24,Completed
408,41,2025-10-02,Completed
409,14,2025-11-07,Returned
410,71,2025-09-13,Completed
411,122,2025-10-05,Completed
412,159,2025-06-25,Completed
413,28,2025-03-08,Completed
414,6,2025-10-12,Completed
415,144,2025-05-23,Completed
416,154,2025-12-18,Completed
417,164,2025-08-24,Completed
418,62,2025-06-03,Completed
419,73,2025-06-21,Completed
420,34,2025-04-02,Completed
421,135,2025-09-19,Completed
422,54,2025-10-27,Completed
423,188,2025-02-10,Completed
424,60,2025-08-07,Completed
425,28,2025-11-19,Completed
426,130,2025-06-06,Completed
427,106,2025-11-14,Completed
428,97,2025-11-24,Completed
429,57,2025-04-11,Completed
430,118,2025-06-05,Completed
431,186,2025-06-16,Completed
432,200,2025-01-25,Completed
433,163,2025-11-13,Completed
434,40,2025-01-24,Returned
435,191,2025-01-13,Completed
436,124,2025-09-16,Completed
437,111,2025-06-19,Completed
438,7,2025-11-06,Returned
439,60,2025-04-12,Completed
440,74,2025-01-23,Completed
441,190,2025-09-07,Completed
442,44,2025-02-07,Completed
443,169,2025-06-04,Completed
444,137,2025-02-07,Completed
445,126,2025-07-06,Completed
446,16,2025-10-13,Completed
447,134,2025-12-20,Completed
448,85,2025-07-05,Completed
449,80,2025-10-17,Cancelled
450,145,2025-12-11,Completed
451,196,2025-06-14,Returned
452,49,2025-02-06,Completed
453,167,2025-06-28,Completed
454,106,2025-04-22,Returned
455,110,2025-07-02,Completed
456,181,2025-11-17,Completed
457,11,2025-09-17,Completed
458,37,2025-08-21,Completed
459,106,2025-06-01,Completed
460,178,2025-10-23,Completed
461,182,2025-07-26,Returned
462,145,2025-11-28,Completed
463,47,2025-03-05,Returned
464,128,2025-11-18,Completed
465,114,2025-02-20,Completed
466,90,2025-01-28,Completed
467,46,2025-03-10,Completed
468,93,2025-12-03,Completed
469,195,2025-07-18,Completed
470,179,2025-04-02,Completed
471,181,2025-05-20,Completed
472,34,2025-09-16,Completed
473,50,2025-01-01,Completed
474,164,2025-04-21,Completed
475,130,2025-09-25,Completed
476,50,2025-06-11,Cancelled
477,118,2025-12-18,Completed
478,174,2025-06-18,Completed
479,8,2025-06-13,Completed
480,70,2025-07-16,Completed
481,78,2025-04-12,Completed
482,124,2025-10-17,Completed
483,133,2025-10-05,Completed
484,80,2025-12-22,Completed
485,54,2025-06-07,Completed
486,4,2025-12-18,Completed
487,37,2025-12-26,Completed
488,87,2025-09-02,Completed
489,46,2025-10-19,Completed
490,172,2025-11-03,Returned
491,182,2025-11-16,Completed
492,94,2025-07-23,Cancelled
493,8,2025-02-04,Completed
494,104,2025-11-26,Completed
495,62,2025-09-18,Completed
496,112,2025-09-11,Completed
497,183,2025-09-16,Completed
498,104,2025-02-04,Completed
499,36,2025-12-25,Completed
500,75,2025-07-19,Completed
501,174,2025-06-14,Completed
502,1,2025-10-27,Returned
503,180,2025-09-21,Completed
504,170,2025-04-05,Completed
505,40,2025-05-28,Completed
506,125,2025-10-05,Completed
507,160,2025-04-17,Completed
508,69,2025-07-18,Completed
509,95,2025-03-16,Returned
510,193,2025-11-15,Completed
511,139,2025-11-10,Completed
512,10,2025-10-20,Completed
513,14,2025-10-10,Completed
514,72,2025-05-20,Completed
515,45,2025-05-23,Completed
516,22,2025-12-20,Cancelled
517,61,2025-10-24,Completed
518,68,2025-11-04,Completed
519,175,2025-10-16,Completed
520,81,2025-12-22,Returned
521,111,2025-09-21,Completed
522,150,2025-07-25,Completed
523,134,2025-06-23,Returned
524,4,2025-07-17,Completed
525,9,2025-01-03,Completed
526,31,2025-02-20,Completed
527,179,2025-04-10,Completed
528,86,2025-12-09,Returned
529,52,2025-09-06,Completed
530,165,2025-02-15,Completed
531,65,2025-11-01,Completed
532,171,2025-07-05,Completed
533,177,2025-11-16,Completed
534,88,2025-02-15,Completed
535,99,2025-10-10,Completed
536,7,2025-10-19,Completed
537,128,2025-09-27,Completed
538,149,2025-04-03,Completed
539,159,2025-01-23,Completed
540,25,2025-08-06,Completed
541,153,2025-11-08,Completed
542,176,2025-09-05,Completed
543,113,2025-05-19,Completed
544,41,2025-01-16,Completed
545,152,2025-12-14,Completed
546,45,2025-09-02,Completed
547,50,2025-03-17,Returned
548,169,2025-04-02,Completed
549,94,2025-05-14,Completed
550,46,2025-03-01,Completed
551,152,2025-09-14,Completed
552,106,2025-11-13,Completed
553,112,2025-03-20,Completed
554,162,2025-06-09,Completed
555,35,2025-03-15,Completed
556,155,2025-03-26,Completed
557,134,2025-08-07,Completed
558,152,2025-12-19,Completed
559,188,2025-11-02,Completed
560,62,2025-02-25,Completed
561,172,2025-06-23,Completed
562,104,2025-04-28,Completed
563,76,2025-07-09,Completed
564,86,2025-10-02,Completed
565,144,2025-10-07,Completed
566,189,2025-12-19,Completed
567,109,2025-05-03,Completed
568,137,2025-12-15,Completed
569,74,2025-12-03,Completed
570,53,2025-08-21,Completed
571,122,2025-06-15,Completed
572,60,2025-11-17,Completed
573,171,2025-10-27,Completed
574,96,2025-12-25,Completed
575,159,2025-12-23,Completed
576,30,2025-01-11,Completed
577,182,2025-01-11,Returned
578,137,2025-06-01,Completed
579,85,2025-10-10,Completed
580,145,2025-10-15,Completed
581,142,2025-03-01,Completed
582,197,2025-05-01,Completed
583,171,2025-06-05,Completed
584,89,2025-06-15,Completed
585,107,2025-11-10,Completed
586,37,2025-04-16,Returned
587,164,2025-12-14,Completed
588,126,2025-01-27,Completed
589,77,2025-12-27,Completed
590,126,2025-12-21,Completed
591,18,2025-09-12,Completed
592,188,2025-09-28,Completed
593,14,2025-05-14,Completed
594,81,2025-11-22,Completed
595,149,2025-06-05,Completed
596,40,2025-08-27,Completed
597,20,2025-03-05,Cancelled
598,153,2025-08-11,Completed
599,178,2025-03-08,Completed
600,29,2025-02-25,Completed
601,169,2025-08-02,Completed
602,90,2025-01-05,Completed
603,136,2025-04-07,Returned
604,186,2025-02-07,Cancelled
605,109,2025-04-08,Completed
606,11,2025-02-16,Completed
607,114,2025-04-14,Completed
608,102,2025-07-22,Completed
609,27,2025-10-06,Completed
610,194,2025-11-21,Cancelled
611,125,2025-08-05,Completed
612,161,2025-12-01,Completed
613,46,2025-07-22,Completed
614,170,2025-11-25,Completed
615,139,2025-09-25,Completed
616,81,2025-11-15,Completed
617,43,2025-08-05,Completed
618,126,2025-10-22,Completed
619,152,2025-12-20,Completed
620,150,2025-01-21,Completed
621,15,2025-10-08,Completed
622,30,2025-06-01,Completed
623,108,2025-05-23,Completed
624,83,2025-09-26,Completed
625,77,2025-06-14,Completed
626,147,2025-07-08,Completed
627,20,2025-10-10,Completed
628,107,2025-07-20,Completed
629,148,2025-08-22,Returned
630,187,2025-10-17,Completed
631,17,2025-10-28,Completed
632,80,2025-08-18,Returned
633,70,2025-03-09,Completed
634,11,2025-12-16,Completed
635,77,2025-11-14,Completed
636,147,2025-10-04,Completed
637,81,2025-06-19,Completed
638,66,2025-11-02,Completed
639,122,2025-10-09,Completed
640,99,2025-06-23,Completed
641,66,2025-06-27,Completed
642,162,2025-06-26,Completed
643,200,2025-12-16,Completed
644,117,2025-10-25,Completed
645,81,2025-09-04,Completed
646,82,2025-08-28,Completed
647,73,2025-04-14,Completed
648,6,2025-12-21,Completed
649,180,2025-11-02,Completed
650,95,2025-04-19,Completed
651,183,2025-04-28,Completed
652,111,2025-11-20,Completed
653,116,2025-12-12,Completed
654,102,2025-10-23,Completed
655,143,2025-02-11,Cancelled
656,130,2025-09-10,Returned
657,129,2025-08-11,Completed
658,67,2025-03-02,Returned
659,68,2025-09-25,Cancelled
660,39,2025-09-22,Completed
661,47,2025-01-09,Completed
662,144,2025-08-16,Completed
663,44,2025-11-27,Completed
664,128,2025-10-11,Completed
665,40,2025-01-15,Completed
666,12,2025-10-15,Completed
667,73,2025-06-02,Completed
668,198,2025-11-03,Completed
669,193,2025-12-05,Completed
670,171,2025-02-12,Completed
671,194,2025-07-12,Completed
672,88,2025-12-22,Completed
673,120,2025-07-26,Completed
674,134,2025-07-19,Completed
675,109,2025-07-15,Completed
676,190,2025-10-06,Completed
677,68,2025-06-28,Completed
678,173,2025-02-18,Completed
679,118,2025-10-28,Completed
680,173,2025-12-22,Completed
681,29,2025-11-23,Returned
682,78,2025-11-05,Completed
683,114,2025-12-16,Completed
684,101,2025-01-01,Completed
685,125,2025-08-24,Completed
686,109,2025-09-18,Completed
687,74,2025-10-16,Completed
688,87,2025-12-28,Completed
689,173,2025-10-12,Completed
690,41,2025-09-04,Completed
691,129,2025-01-03,Completed
692,125,2025-05-11,Completed
693,113,2025-11-27,Completed
694,75,2025-10-25,Completed
695,52,2025-07-14,Completed
696,130,2025-04-09,Completed
697,110,2025-07-14,Completed
698,103,2025-12-06,Completed
699,15,2025-12-23,Completed
700,136,2025-09-05,Completed
701,159,2025-10-23,Completed
702,185,2025-10-05,Completed
703,163,2025-03-01,Completed
704,16,2025-11-09,Completed
705,147,2025-10-15,Completed
706,161,2025-10-28,Completed
707,183,2025-07-24,Completed
708,93,2025-08-05,Completed
709,144,2025-08-13,Completed
710,107,2025-11-05,Completed
711,117,2025-08-24,Completed
712,147,2025-05-17,Completed
713,8,2025-11-05,Completed
714,56,2025-04-24,Completed
715,107,2025-08-10,Completed
716,187,2025-06-26,Completed
717,114,2025-10-21,Completed
718,198,2025-10-18,Completed
719,134,2025-04-16,Completed
720,5,2025-05-07,Completed
721,103,2025-09-16,Completed
722,136,2025-06-09,Completed
723,84,2025-04-23,Completed
724,83,2025-05-27,Completed
725,127,2025-08-17,Completed
726,105,2025-02-01,Completed
727,151,2025-10-08,Completed
728,129,2025-04-05,Completed
729,124,2025-05-09,Completed
730,131,2025-05-06,Completed
731,72,2025-12-07,Completed
732,85,2025-01-23,Completed
733,167,2025-10-18,Completed
734,197,2025-11-01,Completed
735,191,2025-01-09,Completed
736,127,2025-12-02,Completed
737,50,2025-10-19,Completed
738,146,2025-11-17,Completed
739,178,2025-10-20,Completed
740,83,2025-07-14,Completed
741,58,2025-01-14,Completed
742,147,2025-11-24,Completed
743,161,2025-10-01,Completed
744,14,2025-11-17,Completed
745,16,2025-12-15,Completed
746,98,2025-07-20,Completed
747,99,2025-08-14,Completed
748,28,2025-02-20,Completed
749,108,2025-08-20,Completed
750,80,2025-09-17,Returned
751,95,2025-12-17,Completed
752,109,2025-06-07,Completed
753,122,2025-10-15,Completed
754,158,2025-05-11,Completed
755,178,2025-04-20,Completed
756,48,2025-11-01,Completed
757,75,2025-07-21,Completed
758,142,2025-05-07,Completed
759,62,2025-06-12,Completed
760,110,2025-12-08,Cancelled
761,72,2025-11-28,Completed
762,131,2025-07-21,Completed
763,183,2025-06-23,Completed
764,79,2025-07-13,Completed
765,160,2025-06-15,Completed
766,98,2025-01-15,Completed
767,165,2025-02-09,Cancelled
768,52,2025-06-22,Completed
769,155,2025-12-28,Completed
770,104,2025-12-27,Completed
771,59,2025-04-24,Completed
772,185,2025-11-11,Completed
773,179,2025-07-15,Completed
774,3,2025-08-22,Completed
775,104,2025-11-23,Completed
776,36,2025-03-11,Completed
777,49,2025-08-11,Completed
778,177,2025-09-01,Completed
779,75,2025-10-03,Completed
780,106,2025-07-04,Completed
781,53,2025-03-07,Completed
782,118,2025-05-01,Returned
783,64,2025-08-19,Completed
784,183,2025-11-13,Completed
785,25,2025-07-02,Completed
786,106,2025-12-18,Completed
787,200,2025-06-15,Completed
788,164,2025-10-24,Completed
789,3,2025-05-23,Cancelled
790,18,2025-02-22,Completed
791,44,2025-02-25,Completed
792,183,2025-01-22,Completed
793,184,2025-10-04,Completed
794,198,2025-07-07,Cancelled
795,108,2025-01-01,Completed
796,25,2025-11-27,Completed
797,161,2025-04-07,Cancelled
798,28,2025-06-06,Completed
799,72,2025-10-12,Completed
800,25,2025-09-21,Completed
801,171,2025-08-11,Completed
802,189,2025-07-08,Completed
803,39,2025-07-21,Completed
804,74,2025-11-08,Completed
805,171,2025-12-26,Completed
806,2,2025-02-16,Completed
807,33,2025-02-19,Completed
808,46,2025-09-10,Completed
809,124,2025-02-12,Completed
810,189,2025-07-05,Completed
811,45,2025-05-15,Completed
812,86,2025-03-16,Completed
813,151,2025-02-02,Returned
814,196,2025-07-09,Completed
815,189,2025-05-16,Completed
816,38,2025-05-20,Completed
817,151,2025-12-03,Completed
818,65,2025-10-17,Returned
819,147,2025-11-12,Completed
820,2,2025-12-27,Completed
821,168,2025-05-14,Completed
822,47,2025-08-04,Completed
823,160,2025-03-21,Completed
824,88,2025-01-08,Completed
825,11,2025-02-17,Completed
826,122,2025-11-20,Completed
827,62,2025-12-22,Completed
828,179,2025-07-27,Completed
829,72,2025-12-25,Completed
830,170,2025-04-21,Returned
831,103,2025-10-26,Completed
832,180,2025-12-24,Completed
833,128,2025-11-10,Completed
834,169,2025-10-04,Completed
835,66,2025-10-22,Completed
836,178,2025-06-08,Cancelled
837,112,2025-11-08,Completed
838,152,2025-12-24,Cancelled
839,80,2025-02-18,Completed
840,174,2025-12-05,Completed
841,76,2025-11-16,Completed
842,180,2025-01-11,Completed
843,184,2025-04-24,Cancelled
844,199,2025-04-16,Completed
845,141,2025-07-14,Completed
846,149,2025-11-02,Completed
847,75,2025-12-07,Completed
848,38,2025-07-14,Completed
849,122,2025-04-02,Completed
850,31,2025-05-16,Completed
851,167,2025-07-21,Completed
852,126,2025-10-17,Completed
853,47,2025-07-21,Completed
854,183,2025-12-26,Completed
855,138,2025-11-17,Completed
856,31,2025-04-20,Completed
857,33,2025-09-21,Completed
858,94,2025-12-06,Completed
859,134,2025-12-12,Completed
860,56,2025-12-20,Completed
861,98,2025-10-06,Completed
862,37,2025-09-03,Completed
863,145,2025-10-27,Completed
864,112,2025-07-20,Completed
865,105,2025-02-21,Completed
866,32,2025-04-24,Completed
867,142,2025-05-04,Completed
868,190,2025-10-26,Completed
869,132,2025-10-22,Completed
870,186,2025-10-12,Completed
871,47,2025-07-12,Completed
872,23,2025-12-14,Completed
873,142,2025-12-26,Completed
874,49,2025-12-24,Completed
875,190,2025-10-27,Returned
876,14,2025-07-13,Completed
877,162,2025-09-07,Cancelled
878,77,2025-06-01,Completed
879,136,2025-08-05,Completed
880,69,2025-03-15,Completed
881,2,2025-06-28,Completed
882,108,2025-11-02,Completed
883,126,2025-09-26,Completed
884,190,2025-11-13,Completed
885,112,2025-08-10,Completed
886,64,2025-10-14,Completed
887,152,2025-10-05,Completed
888,38,2025-07-20,Completed
889,131,2025-07-02,Completed
890,64,2025-06-02,Completed
891,121,2025-05-20,Completed
892,29,2025-02-01,Completed
893,71,2025-04-13,Completed
894,151,2025-12-21,Completed
895,140,2025-09-10,Completed
896,94,2025-07-23,Completed
897,129,2025-11-06,Completed
898,178,2025-04-27,Completed
899,200,2025-07-20,Completed
900,179,2025-01-26,Completed
901,69,2025-09-06,Completed
902,70,2025-11-02,Completed
903,1,2025-10-21,Completed
904,35,2025-07-20,Completed
905,191,2025-10-21,Completed
906,53,2025-09-26,Completed
907,112,2025-06-16,Completed
908,126,2025-12-06,Completed
909,176,2025-09-03,Completed
910,135,2025-03-25,Completed
911,198,2025-02-05,Cancelled
912,22,2025-04-16,Completed
913,32,2025-01-02,Completed
914,58,2025-01-14,Completed
915,176,2025-07-23,Completed
916,73,2025-06-20,Completed
917,155,2025-03-14,Completed
918,74,2025-06-04,Completed
919,39,2025-11-05,Completed
920,29,2025-09-24,Completed
921,91,2025-06-14,Completed
922,138,2025-11-13,Completed
923,53,2025-12-01,Completed
924,200,2025-11-10,Completed
925,179,2025-10-13,Completed
926,153,2025-11-01,Completed
927,107,2025-03-06,Completed
928,185,2025-06-26,Completed
929,165,2025-01-25,Completed
930,117,2025-09-27,Completed
931,24,2025-08-05,Completed
932,191,2025-12-20,Completed
933,50,2025-05-04,Completed
934,17,2025-04-01,Completed
935,9,2025-05-03,Returned
936,80,2025-01-12,Completed
937,199,2025-03-19,Completed
938,161,2025-02-23,Completed
939,42,2025-12-17,Completed
940,93,2025-09-14,Completed
941,40,2025-09-16,Completed
942,23,2025-08-15,Completed
943,196,2025-12-21,Cancelled
944,81,2025-06-22,Completed
945,63,2025-10-18,Completed
946,90,2025-08-21,Completed
947,17,2025-06-20,Completed
948,121,2025-03-07,Completed
949,93,2025-11-16,Completed
950,163,2025-04-05,Completed
951,135,2025-04-09,Completed
952,193,2025-05-07,Completed
953,42,2025-12-14,Completed
954,186,2025-10-20,Completed
955,128,2025-11-04,Completed
956,164,2025-12-04,Completed
957,90,2025-04-07,Returned
958,32,2025-10-21,Returned
959,110,2025-08-25,Completed
960,180,2025-09-28,Completed
961,5,2025-09-14,Completed
962,9,2025-10-28,Completed
963,51,2025-11-04,Completed
964,169,2025-05-27,Cancelled
965,154,2025-06-06,Returned
966,45,2025-07-11,Completed
967,162,2025-09-13,Completed
968,24,2025-01-01,Completed
969,7,2025-11-05,Returned
970,138,2025-11-24,Completed
971,29,2025-08-20,Completed
972,127,2025-11-27,Completed
973,125,2025-12-03,Completed
974,116,2025-11-06,Completed
975,41,2025-08-09,Cancelled
976,132,2025-11-07,Completed
977,57,2025-02-23,Cancelled
978,90,2025-10-21,Completed
979,51,2025-10-23,Completed
980,53,2025-12-16,Completed
981,160,2025-02-13,Completed
982,65,2025-09-10,Completed
983,19,2025-04-12,Completed
984,144,2025-02-10,Completed
985,166,2025-07-25,Completed
986,154,2025-06-13,Completed
987,119,2025-05-27,Returned
988,166,2025-01-16,Completed
989,13,2025-07-23,Returned
990,58,2025-01-01,Completed
991,177,2025-11-09,Completed
992,85,2025-10-26,Completed
993,31,2025-03-28,Completed
994,62,2025-09-22,Completed
995,68,2025-11-23,Completed
996,16,2025-04-22,Completed
997,195,2025-12-23,Completed
998,57,2025-12-13,Returned
999,148,2025-10-05,Completed
1000,118,2025-04-01,Completed
1001,55,2025-03-17,Completed
1002,13,2025-10-24,Cancelled
1003,71,2025-08-16,Completed
1004,57,2025-03-02,Completed
1005,159,2025-10-13,Completed
1006,44,2025-11-12,Completed
1007,160,2025-08-10,Completed
1008,37,2025-12-22,Completed
1009,44,2025-10-28,Completed
1010,64,2025-08-02,Completed
1011,199,2025-02-10,Completed
1012,66,2025-10-09,Completed
1013,133,2025-11-28,Completed
1014,169,2025-12-12,Completed
1015,191,2025-02-13,Completed
1016,71,2025-06-02,Completed
1017,89,2025-05-01,Completed
1018,171,2025-03-16,Completed
1019,111,2025-06-27,Completed
1020,129,2025-10-25,Completed
1021,174,2025-10-14,Completed
1022,52,2025-05-14,Completed
1023,161,2025-08-06,Completed
1024,110,2025-08-14,Completed
1025,145,2025-12-02,Completed
1026,196,2025-11-15,Completed
1027,25,2025-11-19,Completed
1028,173,2025-08-23,Completed
1029,127,2025-03-22,Completed
1030,2,2025-11-20,Completed
1031,31,2025-08-08,Completed
1032,124,2025-12-27,Completed
1033,48,2025-03-24,Completed
1034,123,2025-05-22,Completed
1035,109,2025-03-10,Completed
1036,91,2025-12-15,Completed
1037,181,2025-08-17,Completed
1038,196,2025-10-13,Completed
1039,179,2025-06-19,Completed
1040,171,2025-02-22,Completed
1041,108,2025-12-02,Completed
1042,96,2025-09-27,Completed
1043,164,2025-09-07,Completed
1044,136,2025-11-07,Completed
1045,36,2025-12-12,Completed
1046,54,2025-09-16,Completed
1047,18,2025-07-21,Completed
1048,77,2025-02-16,Completed
1049,65,2025-07-12,Completed
1050,159,2025-01-23,Completed
1051,86,2025-12-02,Completed
1052,145,2025-12-23,Completed
1053,70,2025-10-04,Completed
1054,15,2025-01-26,Completed
1055,97,2025-10-14,Completed
1056,88,2025-07-02,Completed
1057,193,2025-12-26,Completed
1058,64,2025-11-03,Completed
1059,155,2025-10-08,Returned
1060,169,2025-02-09,Cancelled
1061,57,2025-07-10,Cancelled
1062,14,2025-06-14,Completed
1063,190,2025-09-04,Completed
1064,9,2025-05-19,Completed
1065,58,2025-04-06,Completed
1066,156,2025-11-11,Cancelled
1067,142,2025-07-24,Cancelled
1068,185,2025-09-17,Completed
1069,76,2025-06-13,Completed
1070,198,2025-09-04,Completed
1071,120,2025-01-12,Completed
1072,17,2025-07-09,Completed
1073,162,2025-04-28,Completed
1074,130,2025-11-19,Completed
1075,91,2025-09-02,Completed
1076,131,2025-02-07,Completed
1077,110,2025-12-05,Completed
1078,76,2025-09-06,Completed
1079,156,2025-04-11,Completed
1080,39,2025-07-21,Completed
1081,148,2025-10-24,Completed
1082,135,2025-08-11,Completed
1083,30,2025-10-15,Completed
1084,108,2025-04-27,Completed
1085,105,2025-10-22,Completed
1086,21,2025-07-17,Returned
1087,31,2025-07-25,Completed
1088,109,2025-06-13,Completed
1089,87,2025-09-20,Completed
1090,190,2025-11-10,Completed
1091,2,2025-09-12,Completed
1092,198,2025-02-10,Completed
1093,110,2025-05-13,Completed
1094,189,2025-12-24,Completed
1095,31,2025-05-16,Completed
1096,142,2025-11-25,Completed
1097,7,2025-06-10,Cancelled
1098,29,2025-10-28,Completed
1099,57,2025-10-11,Completed
1100,19,2025-10-11,Completed
1101,143,2025-10-21,Completed
1102,68,2025-08-16,Completed
1103,186,2025-11-01,Completed
1104,162,2025-09-21,Completed
1105,126,2025-11-13,Completed
1106,115,2025-06-22,Completed
1107,102,2025-10-25,Completed
1108,105,2025-02-25,Completed
1109,69,2025-08-08,Completed
1110,158,2025-09-05,Completed
1111,24,2025-11-11,Cancelled
1112,102,2025-11-08,Completed
1113,142,2025-10-01,Completed
1114,125,2025-01-10,Completed
1115,192,2025-03-26,Completed
1116,20,2025-02-24,Completed
1117,151,2025-11-07,Completed
1118,168,2025-09-13,Completed
1119,73,2025-12-18,Completed
1120,196,2025-09-04,Completed
1121,165,2025-06-05,Completed
1122,146,2025-11-02,Completed
1123,10,2025-06-19,Completed
1124,182,2025-08-18,Completed
1125,30,2025-01-14,Completed
1126,3,2025-05-14,Returned
1127,145,2025-10-05,Completed
1128,54,2025-12-24,Completed
1129,2,2025-06-07,Completed
1130,160,2025-08-06,Completed
1131,110,2025-09-10,Completed
1132,56,2025-05-09,Completed
1133,99,2025-06-25,Completed
1134,1,2025-11-07,Completed
1135,121,2025-06-17,Completed
1136,181,2025-08-10,Completed
1137,43,2025-12-27,Completed
1138,178,2025-11-22,Completed
1139,55,2025-09-07,Completed
1140,93,2025-08-01,Completed
1141,129,2025-12-20,Completed
1142,15,2025-12-27,Completed
1143,166,2025-11-26,Completed
1144,46,2025-11-05,Completed
1145,189,2025-01-27,Completed
1146,171,2025-10-03,Completed
1147,105,2025-04-24,Completed
1148,24,2025-04-03,Completed
1149,118,2025-02-24,Cancelled
1150,189,2025-03-02,Completed
1151,106,2025-04-07,Completed
1152,68,2025-02-12,Completed
1153,162,2025-10-06,Completed
1154,180,2025-12-18,Completed
1155,162,2025-04-05,Completed
1156,9,2025-06-04,Completed
1157,120,2025-09-25,Completed
1158,154,2025-06-22,Completed
1159,130,2025-02-14,Completed
1160,34,2025-10-26,Returned
1161,21,2025-04-28,Completed
1162,199,2025-06-16,Completed
1163,121,2025-10-27,Completed
1164,82,2025-11-05,Completed
1165,137,2025-02-16,Completed
1166,102,2025-12-21,Completed
1167,47,2025-07-10,Completed
1168,102,2025-10-27,Completed
1169,33,2025-09-13,Completed
1170,14,2025-06-09,Completed
1171,200,2025-08-11,Completed
1172,132,2025-11-24,Completed
1173,126,2025-08-02,Completed
1174,46,2025-05-14,Completed
1175,92,2025-10-18,Completed
1176,187,2025-03-16,Completed
1177,188,2025-11-19,Completed
1178,186,2025-10-04,Completed
1179,111,2025-12-26,Completed
1180,63,2025-10-02,Completed
1181,172,2025-01-13,Cancelled
1182,71,2025-05-20,Completed
1183,157,2025-05-23,Completed
1184,143,2025-01-11,Completed
1185,170,2025-11-03,Completed
1186,75,2025-11-15,Completed
1187,91,2025-09-14,Returned
1188,61,2025-07-18,Completed
1189,147,2025-05-28,Completed
1190,198,2025-06-04,Completed
1191,104,2025-08-15,Completed
1192,168,2025-07-14,Completed
1193,154,2025-09-14,Cancelled
1194,121,2025-10-12,Completed
1195,42,2025-08-24,Completed
1196,76,2025-02-01,Completed
1197,119,2025-08-04,Completed
1198,105,2025-11-16,Completed
1199,138,2025-03-25,Completed
1200,113,2025-07-04,Completed
1201,63,2025-11-07,Completed
1202,182,2025-08-08,Completed
1203,116,2025-10-19,Completed
1204,7,2025-04-12,Completed
1205,113,2025-10-05,Completed
1206,8,2025-11-19,Completed
1207,159,2025-12-12,Completed
1208,135,2025-08-16,Completed
1209,53,2025-04-09,Completed
1210,164,2025-12-27,Completed
1211,85,2025-08-09,Completed
1212,134,2025-05-09,Completed
1213,184,2025-08-02,Returned
1214,188,2025-11-03,Cancelled
1215,63,2025-09-19,Completed
1216,163,2025-02-16,Completed
1217,56,2025-09-10,Completed
1218,50,2025-09-21,Completed
1219,85,2025-08-17,Completed
1220,129,2025-06-15,Completed
1221,195,2025-07-10,Completed
1222,129,2025-06-25,Completed
1223,173,2025-03-06,Completed
1224,41,2025-06-17,Returned
1225,78,2025-06-10,Completed
1226,109,2025-09-25,Completed
1227,181,2025-04-22,Completed
1228,98,2025-06-18,Completed
1229,152,2025-08-02,Completed
1230,156,2025-09-02,Completed
1231,35,2025-12-03,Completed
1232,84,2025-09-25,Completed
1233,180,2025-10-11,Returned
1234,55,2025-04-15,Completed
1235,192,2025-12-05,Completed
1236,136,2025-02-17,Completed
1237,86,2025-10-24,Completed
1238,132,2025-11-03,Completed
1239,120,2025-08-24,Completed
1240,136,2025-11-24,Completed
1241,2,2025-09-13,Completed
1242,58,2025-09-25,Completed
1243,198,2025-03-10,Completed
1244,139,2025-06-03,Completed
1245,42,2025-07-09,Completed
1246,51,2025-04-13,Completed
1247,186,2025-08-06,Completed
1248,82,2025-07-07,Returned
1249,103,2025-12-04,Completed
1250,71,2025-10-11,Completed
1251,54,2025-11-22,Completed
1252,190,2025-11-22,Completed
1253,68,2025-09-01,Completed
1254,37,2025-12-02,Completed
1255,17,2025-03-16,Completed
1256,155,2025-11-01,Completed
1257,158,2025-10-04,Completed
1258,37,2025-04-03,Completed
1259,187,2025-10-11,Completed
1260,34,2025-06-12,Completed
1261,51,2025-12-01,Completed
1262,83,2025-01-16,Completed
1263,55,2025-08-09,Completed
1264,87,2025-12-06,Completed
1265,94,2025-07-01,Returned
1266,31,2025-09-10,Completed
1267,22,2025-12-17,Completed
1268,91,2025-08-25,Completed
1269,41,2025-02-06,Completed
1270,103,2025-05-17,Returned
1271,188,2025-09-03,Completed
1272,196,2025-12-08,Completed
1273,64,2025-11-03,Completed
1274,31,2025-08-17,Completed
1275,157,2025-08-03,Completed
1276,120,2025-07-06,Completed
1277,188,2025-09-20,Completed
1278,111,2025-07-21,Completed
1279,22,2025-01-23,Completed
1280,171,2025-05-25,Completed
1281,171,2025-07-20,Completed
1282,101,2025-10-02,Completed
1283,7,2025-04-06,Completed
1284,13,2025-06-23,Returned
1285,198,2025-11-21,Completed
1286,23,2025-06-20,Completed
1287,164,2025-04-13,Completed
1288,49,2025-09-17,Completed
1289,51,2025-02-23,Completed
1290,27,2025-11-24,Completed
1291,40,2025-10-09,Completed
1292,58,2025-07-26,Completed
1293,124,2025-11-14,Completed
1294,68,2025-07-12,Cancelled
1295,138,2025-06-26,Completed
1296,58,2025-08-19,Completed
1297,115,2025-09-02,Completed
1298,71,2025-09-24,Completed
1299,80,2025-09-22,Completed
1300,37,2025-11-22,Completed
1301,42,2025-10-08,Returned
1302,176,2025-07-14,Completed
1303,111,2025-12-16,Completed
1304,166,2025-10-11,Completed
1305,16,2025-12-02,Completed
1306,84,2025-07-01,Completed
1307,128,2025-04-07,Returned
1308,147,2025-04-15,Completed
1309,80,2025-12-04,Completed
1310,128,2025-04-05,Returned
1311,126,2025-04-13,Completed
1312,169,2025-10-27,Completed
1313,194,2025-09-07,Completed
1314,161,2025-07-14,Completed
1315,128,2025-12-25,Completed
1316,151,2025-11-19,Completed
1317,91,2025-12-02,Completed
1318,175,2025-10-07,Completed
1319,177,2025-03-10,Completed
1320,100,2025-11-12,Cancelled
1321,160,2025-10-14,Completed
1322,3,2025-07-14,Completed
1323,197,2025-07-22,Completed
1324,126,2025-02-18,Completed
1325,52,2025-12-18,Completed
1326,28,2025-03-02,Completed
1327,158,2025-06-24,Completed
1328,186,2025-06-19,Completed
1329,90,2025-08-21,Completed
1330,48,2025-10-11,Completed
1331,63,2025-09-10,Completed
1332,17,2025-07-18,Completed
1333,176,2025-05-13,Completed
1334,58,2025-11-02,Completed
1335,166,2025-07-22,Completed
1336,157,2025-05-21,Completed
1337,42,2025-06-01,Completed
1338,139,2025-11-13,Completed
1339,114,2025-12-15,Completed
1340,53,2025-05-23,Completed
1341,119,2025-09-25,Completed
1342,121,2025-03-21,Completed
1343,114,2025-01-07,Completed
1344,51,2025-03-11,Completed
1345,17,2025-02-01,Cancelled
1346,79,2025-11-12,Completed
1347,181,2025-04-10,Completed
1348,105,2025-03-18,Completed
1349,25,2025-11-05,Completed
1350,150,2025-09-15,Completed
1351,29,2025-12-26,Returned
1352,22,2025-06-26,Completed
1353,72,2025-12-01,Completed
1354,86,2025-09-05,Completed
1355,86,2025-06-17,Completed
1356,22,2025-12-22,Completed
1357,196,2025-02-03,Completed
1358,20,2025-01-01,Completed
1359,150,2025-10-28,Returned
1360,52,2025-12-03,Completed
1361,184,2025-02-11,Completed
1362,127,2025-09-06,Completed
1363,46,2025-12-09,Completed
1364,83,2025-11-08,Completed
1365,65,2025-11-24,Completed
1366,42,2025-02-03,Completed
1367,156,2025-10-03,Completed
1368,77,2025-11-11,Completed
1369,119,2025-06-26,Completed
1370,162,2025-03-12,Completed
1371,39,2025-05-07,Completed
1372,49,2025-08-24,Completed
1373,171,2025-02-04,Completed
1374,61,2025-08-16,Completed
1375,87,2025-10-22,Completed
1376,33,2025-06-16,Completed
1377,84,2025-10-28,Cancelled
1378,179,2025-04-05,Returned
1379,81,2025-08-04,Completed
1380,119,2025-09-24,Completed
1381,71,2025-10-12,Completed
1382,84,2025-06-20,Completed
1383,81,2025-09-18,Completed
1384,130,2025-05-26,Completed
1385,8,2025-10-25,Completed
1386,98,2025-09-20,Completed
1387,51,2025-10-15,Completed
1388,95,2025-03-27,Completed
1389,195,2025-01-10,Completed
1390,27,2025-08-23,Completed
1391,107,2025-10-13,Completed
1392,67,2025-04-02,Completed
1393,60,2025-12-28,Completed
1394,196,2025-05-01,Completed
1395,150,2025-08-12,Completed
1396,161,2025-11-10,Completed
1397,194,2025-09-11,Completed
1398,53,2025-04-02,Completed
1399,146,2025-10-10,Completed
1400,59,2025-09-27,Completed
1401,185,2025-07-11,Completed
1402,123,2025-09-10,Completed
1403,159,2025-01-01,Cancelled
1404,96,2025-02-14,Completed
1405,68,2025-08-26,Cancelled
1406,122,2025-04-04,Completed
1407,70,2025-05-23,Completed
1408,102,2025-10-01,Completed
1409,4,2025-09-02,Completed
1410,115,2025-11-21,Completed
1411,184,2025-11-02,Completed
1412,140,2025-03-22,Cancelled
1413,149,2025-07-15,Returned
1414,65,2025-12-11,Cancelled
1415,88,2025-08-28,Returned
1416,191,2025-03-26,Completed
1417,2,2025-05-18,Completed
1418,84,2025-10-26,Completed
1419,178,2025-12-07,Completed
1420,104,2025-06-07,Completed
1421,8,2025-05-07,Completed
1422,77,2025-06-12,Completed
1423,152,2025-01-16,Returned
1424,198,2025-02-23,Completed
1425,140,2025-02-08,Completed
1426,121,2025-01-10,Completed
1427,152,2025-11-25,Completed
1428,138,2025-10-02,Completed
1429,116,2025-05-06,Completed
1430,125,2025-05-13,Completed
1431,59,2025-10-26,Completed
1432,95,2025-10-04,Completed
1433,18,2025-02-09,Completed
1434,42,2025-02-06,Completed
1435,123,2025-02-26,Completed
1436,192,2025-10-01,Completed
1437,78,2025-12-05,Completed
1438,122,2025-08-07,Completed
1439,19,2025-03-05,Completed
1440,19,2025-09-08,Completed
1441,68,2025-07-25,Completed
1442,58,2025-11-05,Completed
1443,144,2025-02-25,Completed
1444,138,2025-09-10,Completed
1445,147,2025-03-11,Completed
1446,69,2025-12-28,Completed
1447,79,2025-04-11,Completed
1448,169,2025-04-20,Completed
1449,176,2025-06-18,Completed
1450,31,2025-10-10,Completed
1451,166,2025-11-12,Completed
1452,156,2025-02-04,Returned
1453,141,2025-09-09,Completed
1454,161,2025-12-20,Completed
1455,32,2025-06-26,Returned
1456,138,2025-05-26,Completed
1457,29,2025-06-20,Completed
1458,155,2025-09-09,Cancelled
1459,150,2025-06-08,Completed
1460,32,2025-02-28,Completed
1461,57,2025-05-01,Completed
1462,115,2025-04-04,Completed
1463,99,2025-11-25,Completed
1464,6,2025-08-20,Completed
1465,20,2025-09-23,Completed
1466,91,2025-07-08,Completed
1467,6,2025-07-12,Completed
1468,23,2025-07-12,Completed
1469,57,2025-11-21,Completed
1470,59,2025-02-06,Completed
1471,76,2025-03-14,Completed
1472,121,2025-12-06,Completed
1473,200,2025-08-25,Completed
1474,3,2025-06-06,Completed
1475,13,2025-08-28,Completed
1476,42,2025-10-25,Completed
1477,134,2025-06-20,Completed
1478,10,2025-04-20,Returned
1479,193,2025-01-14,Completed
1480,59,2025-12-09,Completed
1481,63,2025-12-21,Cancelled
1482,99,2025-12-28,Completed
1483,123,2025-02-11,Completed
1484,157,2025-08-20,Completed
1485,113,2025-11-14,Completed
1486,145,2025-08-05,Cancelled
1487,163,2025-05-05,Completed
1488,57,2025-01-10,Completed
1489,39,2025-07-19,Completed
1490,127,2025-03-22,Completed
1491,190,2025-06-22,Completed
1492,72,2025-11-25,Completed
1493,85,2025-12-10,Completed
1494,38,2025-09-28,Completed
1495,108,2025-09-10,Completed
1496,15,2025-07-27,Completed
1497,31,2025-06-16,Completed
1498,157,2025-11-11,Completed
1499,22,2025-11-01,Completed
1500,179,2025-10-02,Completed
